epoch,time,train/box_loss,train/pose_loss,train/kobj_loss,train/cls_loss,train/dfl_loss,metrics/precision(B),metrics/recall(B),metrics/mAP50(B),metrics/mAP50-95(B),metrics/precision(P),metrics/recall(P),metrics/mAP50(P),metrics/mAP50-95(P),val/box_loss,val/pose_loss,val/kobj_loss,val/cls_loss,val/dfl_loss,lr/pg0,lr/pg1,lr/pg2
1,21.3178,1.29874,11.5924,0.69766,1.57763,1.68513,0.00142,0.16667,0.00058,0.00027,0,0,0,0,nan,nan,nan,nan,nan,0.000654762,0.000654762,0.000654762
2,42.7312,1.38064,11.2393,0.64847,1.23403,1.81093,0,0,0,0,0,0,0,0,nan,nan,nan,nan,nan,0.00131881,0.00131881,0.00131881
3,63.4767,1.34723,11.1121,0.61173,1.111,1.83976,0.01908,1,0.02218,0.00892,0,0,0,0,2.32667,12,11.6066,inf,38.3406,0.00198022,0.00198022,0.00198022
4,84.6216,1.16712,10.7765,0.59425,0.96922,1.61058,0.6467,0.2447,0.30998,0.10666,0,0,0,0,3.6585,11.6898,0.72306,4.30132,3.72518,0.00198812,0.00198812,0.00198812
5,105.778,1.1132,10.6784,0.59592,0.82014,1.54519,0.22871,0.13333,0.05708,0.03002,0,0,0,0,3.02811,11.6488,0.69437,11.4329,4.17704,0.00198416,0.00198416,0.00198416
6,125.633,1.01286,10.721,0.60288,0.71459,1.44403,0.90049,0.66667,0.78419,0.37316,0,0,0,0,2.1463,10.6317,0.59249,1.17831,2.75594,0.0019802,0.0019802,0.0019802
7,146.244,0.82526,10.3591,0.58773,0.60666,1.35054,0.99568,1,0.995,0.82236,0.03421,0.03333,0.00595,0.00178,0.77758,10.6105,0.59272,0.81493,1.14054,0.00197624,0.00197624,0.00197624
8,166.196,0.79615,10.3339,0.57957,0.5299,1.28275,0.99027,1,0.995,0.74673,0,0,0,0,0.98429,10.5245,0.58574,0.64261,1.22832,0.00197228,0.00197228,0.00197228
9,185.558,0.68844,10.2631,0.59428,0.50772,1.241,0.99874,1,0.995,0.63995,0,0,0,0,1.2007,10.106,0.59064,0.79366,1.15615,0.00196832,0.00196832,0.00196832
10,204.793,0.67482,10.0021,0.57939,0.46625,1.21138,0.99795,1,0.995,0.84769,0.06272,0.03333,0.01714,0.00514,0.63085,10.1025,0.58148,0.47742,0.84839,0.00196436,0.00196436,0.00196436
11,224.737,0.5977,10.0703,0.57927,0.44319,1.13331,0.99992,1,0.995,0.82982,0,0,0,0,0.71175,10.1371,0.5845,0.44783,0.95644,0.0019604,0.0019604,0.0019604
12,244.107,0.64932,9.90174,0.58287,0.47596,1.16767,0.96769,0.99847,0.99177,0.76812,0,0,0,0,0.86484,9.93263,0.58386,0.64789,1.12004,0.00195644,0.00195644,0.00195644
13,263.207,0.63626,9.89487,0.58441,0.45498,1.15486,0.9639,1,0.98984,0.7954,0,0,0,0,0.76536,10.0337,0.58792,0.59831,1.01788,0.00195248,0.00195248,0.00195248
14,282.475,0.56002,9.82038,0.58302,0.43093,1.10411,1,0.99421,0.995,0.73513,0,0,0,0,1.11524,10.0137,0.57901,0.56828,1.2893,0.00194852,0.00194852,0.00194852
15,302.248,0.59378,9.73934,0.5795,0.44281,1.12738,0.99727,1,0.995,0.90763,0.01099,0.03333,0.00604,0.00242,0.59134,10.7266,0.5976,0.50638,0.84512,0.00194456,0.00194456,0.00194456
16,321.655,0.55958,9.85032,0.57839,0.45631,1.12833,0.81701,0.89313,0.89748,0.68278,0,0,0,0,0.75068,9.94949,0.59861,0.92406,1.03838,0.0019406,0.0019406,0.0019406
17,340.89,0.56109,9.74237,0.57341,0.44744,1.09286,0.83897,0.93333,0.97286,0.67985,0.04185,0.03333,0.00913,0.00183,0.81113,10.0419,0.59921,0.96831,1.07773,0.00193664,0.00193664,0.00193664
18,360.165,0.52598,9.26451,0.57314,0.40357,1.09011,0.99459,1,0.995,0.83069,0,0,0,0,0.66082,9.53569,0.58069,0.46376,0.9265,0.00193268,0.00193268,0.00193268
19,379.189,0.53963,9.17992,0.56824,0.41144,1.10789,0.99738,1,0.995,0.77392,0.06744,0.06667,0.01538,0.00154,0.90855,9.40026,0.58081,0.51829,1.15075,0.00192872,0.00192872,0.00192872
20,398.232,0.51276,9.27976,0.55829,0.43025,1.09277,0.99356,1,0.995,0.82559,0,0,0,0,0.75526,10.4199,0.60684,0.4922,0.94042,0.00192476,0.00192476,0.00192476
21,417.278,0.59556,9.45997,0.56666,0.48574,1.15723,1,0.99628,0.995,0.82625,0,0,0,0,0.72968,9.80371,0.57503,0.64501,0.96871,0.0019208,0.0019208,0.0019208
22,436.128,0.55195,9.06662,0.55065,0.45692,1.10349,1,0.99941,0.995,0.7896,0.0735,0.06667,0.01454,0.00145,0.87964,9.06972,0.56397,0.6327,1.08187,0.00191684,0.00191684,0.00191684
23,454.902,0.56051,8.96429,0.55199,0.45771,1.12451,1,0.99646,0.995,0.8641,0.09634,0.1,0.01961,0.00243,0.61351,8.70351,0.54726,0.48433,0.87261,0.00191288,0.00191288,0.00191288
24,473.899,0.51307,8.52493,0.53787,0.40348,1.04953,0.99704,1,0.995,0.84338,0.13435,0.13333,0.04701,0.00862,0.59302,8.26281,0.53749,0.44288,0.87044,0.00190892,0.00190892,0.00190892
25,493.499,0.53169,8.46703,0.52112,0.4058,1.08672,0.99531,1,0.995,0.82007,0.0333,0.03333,0.01055,0.00211,0.7218,8.68204,0.52062,0.43096,0.96523,0.00190496,0.00190496,0.00190496
26,512.595,0.48317,8.64814,0.49849,0.39599,1.05803,0.99708,1,0.995,0.84951,0,0,0,0,0.62163,10.1213,0.55241,0.48787,0.84918,0.001901,0.001901,0.001901
27,531.211,0.51601,8.15998,0.49057,0.41504,1.09705,0.9959,1,0.995,0.87722,0.12813,0.13333,0.04644,0.00614,0.54955,8.05088,0.47731,0.45288,0.86599,0.00189704,0.00189704,0.00189704
28,550.301,0.47751,8.29955,0.48589,0.38129,1.05387,0.99814,1,0.995,0.88036,0.0353,0.03333,0.01652,0.00165,0.54982,8.32556,0.47404,0.40844,0.82262,0.00189308,0.00189308,0.00189308
29,569.622,0.453,8.3265,0.48226,0.36901,1.0335,0.99727,1,0.995,0.89185,0.10745,0.1,0.03873,0.00593,0.54849,8.28992,0.43368,0.51481,0.8674,0.00188912,0.00188912,0.00188912
30,589.472,0.50043,8.30551,0.46354,0.40985,1.05549,0.99677,1,0.995,0.90452,0,0,0,0,0.45254,9.20455,0.43857,0.48887,0.73821,0.00188516,0.00188516,0.00188516
31,608.751,0.49203,7.96224,0.45502,0.39281,1.0562,0.99592,1,0.995,0.88645,0.06879,0.03333,0.0406,0.00406,0.55119,8.53101,0.41,0.49807,0.81715,0.0018812,0.0018812,0.0018812
32,627.659,0.46654,7.67597,0.42289,0.38152,1.05128,0.99747,1,0.995,0.90821,0.19963,0.2,0.11784,0.0187,0.52781,7.28421,0.40317,0.39461,0.72896,0.00187724,0.00187724,0.00187724
33,647.153,0.52514,7.71614,0.41134,0.38635,1.07426,0.99584,1,0.995,0.92948,0.16584,0.16667,0.07795,0.01781,0.51849,7.39361,0.37008,0.44188,0.75335,0.00187328,0.00187328,0.00187328
34,666.399,0.44684,7.45615,0.3926,0.37039,1.0392,0.99212,1,0.995,0.91635,0.16553,0.16667,0.08621,0.01153,0.57378,7.3261,0.39415,0.47316,0.80812,0.00186932,0.00186932,0.00186932
35,685.583,0.48449,7.20151,0.39093,0.39327,1.04145,0.9967,1,0.995,0.92971,0.10099,0.1,0.0443,0.00861,0.45452,7.22806,0.35831,0.43406,0.74044,0.00186536,0.00186536,0.00186536
36,704.724,0.48424,7.19841,0.37476,0.39205,1.03456,0.99795,1,0.995,0.8642,0.19964,0.2,0.10753,0.02088,0.63676,6.43934,0.30755,0.49987,0.87646,0.0018614,0.0018614,0.0018614
37,723.644,0.4451,6.75836,0.35745,0.39381,1.03048,0.99811,1,0.995,0.90247,0.19958,0.2,0.14064,0.03167,0.52069,6.35295,0.35136,0.41455,0.78411,0.00185744,0.00185744,0.00185744
38,742.794,0.40268,6.86584,0.34786,0.34862,0.9978,0.99781,1,0.995,0.90872,0.22724,0.16667,0.17138,0.01857,0.50893,6.97421,0.28235,0.4079,0.75776,0.00185348,0.00185348,0.00185348
39,761.596,0.42321,6.97552,0.33827,0.34928,1.02746,0.99741,1,0.995,0.89884,0.26598,0.26667,0.16775,0.04074,0.45032,6.58089,0.27633,0.39959,0.74872,0.00184952,0.00184952,0.00184952
40,780.413,0.45829,6.92863,0.34681,0.36318,1.03973,0.99736,1,0.995,0.80751,0.03323,0.03333,0.00836,0.00248,0.76221,7.77085,0.32526,0.6311,0.93974,0.00184556,0.00184556,0.00184556
41,799.529,0.45354,6.85814,0.32082,0.37438,1.03321,0.99138,1,0.995,0.87,0.26131,0.26667,0.13321,0.02743,0.52104,6.24151,0.27722,0.49142,0.76933,0.0018416,0.0018416,0.0018416
42,818.464,0.3954,6.30022,0.30772,0.33588,1.02191,0.99354,1,0.995,0.87169,0.23228,0.23333,0.13614,0.02576,0.57084,5.98585,0.24436,0.39606,0.84825,0.00183764,0.00183764,0.00183764
43,837.714,0.42039,5.97201,0.31504,0.34048,0.99891,0.99807,1,0.995,0.83506,0.13315,0.13333,0.06725,0.01198,0.72055,6.40107,0.25244,0.45033,0.9952,0.00183368,0.00183368,0.00183368
44,856.713,0.38989,6.14568,0.29892,0.32866,1.00636,0.99811,1,0.995,0.88172,0.46558,0.46667,0.31539,0.06533,0.54808,5.58652,0.2562,0.46514,0.8073,0.00182972,0.00182972,0.00182972
45,876.099,0.42221,5.83109,0.31243,0.33283,0.99701,0.99802,1,0.995,0.85382,0.53223,0.53333,0.42182,0.10687,0.54195,5.40341,0.23621,0.40145,0.87039,0.00182576,0.00182576,0.00182576
46,895.373,0.40518,5.67573,0.29843,0.33907,0.98979,0.99834,1,0.995,0.88064,0.26611,0.26667,0.19857,0.0355,0.57576,6.6286,0.27846,0.44126,0.80161,0.0018218,0.0018218,0.0018218
47,914.292,0.41121,6.25764,0.28042,0.34526,1.00247,0.99725,1,0.995,0.85457,0.41904,0.4328,0.30719,0.07858,0.61776,6.03124,0.23564,0.4429,0.85589,0.00181784,0.00181784,0.00181784
48,933.226,0.38831,5.74685,0.26964,0.33407,1.00338,0.99808,1,0.995,0.92459,0.4328,0.43333,0.35978,0.0755,0.43436,5.19158,0.23535,0.37492,0.73869,0.00181388,0.00181388,0.00181388
49,952.402,0.38577,5.6873,0.26268,0.32107,0.9921,0.99804,1,0.995,0.88886,0.29973,0.3,0.23621,0.05435,0.50944,6.06416,0.22784,0.35457,0.81748,0.00180992,0.00180992,0.00180992
50,971.966,0.40847,5.57575,0.2709,0.33719,0.98616,0.99812,1,0.995,0.88329,0.33268,0.33333,0.19458,0.05965,0.50011,5.87671,0.21456,0.40739,0.76992,0.00180596,0.00180596,0.00180596
51,991.63,0.38432,5.78129,0.24852,0.32471,1.0042,0.9935,1,0.995,0.89872,0.3317,0.33333,0.21451,0.04443,0.47436,6.09005,0.21745,0.38024,0.72416,0.001802,0.001802,0.001802
52,1010.72,0.37039,5.54968,0.24639,0.31685,0.98714,0.96592,1,0.995,0.87346,0.32206,0.33333,0.24348,0.05971,0.45553,5.86624,0.22908,0.41449,0.72139,0.00179804,0.00179804,0.00179804
53,1029.76,0.38574,5.4947,0.23566,0.3039,1.01636,0.99555,1,0.995,0.87448,0.63152,0.63333,0.52906,0.14719,0.48431,4.83406,0.20316,0.44121,0.76841,0.00179408,0.00179408,0.00179408
54,1049.18,0.38086,5.35588,0.24473,0.32102,0.97209,0.99577,1,0.995,0.87817,0.45062,0.46667,0.40859,0.09252,0.49623,5.17094,0.19784,0.37906,0.7597,0.00179012,0.00179012,0.00179012
55,1068.54,0.3629,5.47062,0.23573,0.31358,0.98887,0.99814,1,0.995,0.91843,0.33312,0.33333,0.24223,0.08781,0.4406,5.83993,0.19198,0.37968,0.71644,0.00178616,0.00178616,0.00178616
56,1087.66,0.3756,5.1331,0.23471,0.31348,0.98344,0.99659,1,0.995,0.83472,0.43197,0.43333,0.3012,0.05947,0.66468,5.32771,0.20093,0.4633,0.86916,0.0017822,0.0017822,0.0017822
57,1106.83,0.39248,5.3411,0.26519,0.33224,0.95894,0.99942,1,0.995,0.85083,0.49886,0.5,0.406,0.09896,0.52404,5.03947,0.19183,0.43822,0.78545,0.00177824,0.00177824,0.00177824
58,1125.66,0.37274,5.29212,0.2422,0.29858,0.98893,1,0.99724,0.995,0.91807,0.46672,0.36667,0.3515,0.07459,0.47255,5.49805,0.20174,0.4435,0.75362,0.00177428,0.00177428,0.00177428
59,1144.57,0.37843,5.26531,0.23949,0.31563,0.99587,0.99562,1,0.995,0.87432,0.4983,0.5,0.34799,0.07585,0.50157,5.10523,0.21027,0.46642,0.76615,0.00177032,0.00177032,0.00177032
60,1163.61,0.37134,5.16078,0.23104,0.31814,0.96414,0.99797,1,0.995,0.87504,0.36662,0.36667,0.289,0.08799,0.5454,5.33691,0.19646,0.43576,0.76056,0.00176636,0.00176636,0.00176636
61,1182.78,0.37459,5.2076,0.23154,0.32258,1.00093,0.99821,1,0.995,0.91216,0.69869,0.7,0.62421,0.18215,0.49773,4.4842,0.20475,0.38878,0.76644,0.0017624,0.0017624,0.0017624
62,1202.37,0.33868,5.1192,0.22998,0.29062,0.96286,1,1,0.995,0.87777,0.36667,0.36667,0.33769,0.09548,0.56156,5.83209,0.24583,0.42456,0.81389,0.00175844,0.00175844,0.00175844
63,1221.5,0.3385,5.16825,0.23878,0.29307,0.96905,1,1,0.995,0.90359,0.46667,0.46667,0.41668,0.13885,0.56312,4.99321,0.21741,0.44619,0.84991,0.00175448,0.00175448,0.00175448
64,1241.04,0.35215,4.86566,0.21946,0.3033,0.99422,0.99747,1,0.995,0.93627,0.25714,0.3,0.17541,0.05139,0.4211,5.47412,0.19489,0.34693,0.70398,0.00175052,0.00175052,0.00175052
65,1260.28,0.3494,5.05217,0.21995,0.29382,0.96834,0.99812,1,0.995,0.89488,0.59885,0.6,0.51716,0.16433,0.48896,4.76173,0.18433,0.37641,0.72681,0.00174656,0.00174656,0.00174656
66,1279.31,0.3382,4.76121,0.22494,0.29284,0.96938,0.99816,1,0.995,0.8874,0.53233,0.53333,0.4321,0.10827,0.5484,4.72528,0.19784,0.37591,0.75858,0.0017426,0.0017426,0.0017426
67,1298.37,0.33998,4.44513,0.21934,0.28802,0.95058,0.99811,1,0.995,0.90052,0.5323,0.53333,0.40115,0.12905,0.5351,4.68447,0.18519,0.35186,0.76492,0.00173864,0.00173864,0.00173864
68,1317.48,0.31737,4.637,0.22463,0.28288,0.93533,0.9981,1,0.995,0.88816,0.6654,0.66667,0.56985,0.16943,0.50719,4.32273,0.19306,0.36489,0.70932,0.00173468,0.00173468,0.00173468
69,1336.8,0.31717,4.23811,0.22183,0.28076,0.94288,0.99813,1,0.995,0.91355,0.69866,0.7,0.61861,0.20423,0.46211,4.24354,0.19407,0.35907,0.7015,0.00173072,0.00173072,0.00173072
70,1356.43,0.32711,4.50123,0.22811,0.29055,0.94176,0.99808,1,0.995,0.92944,0.58136,0.56667,0.55243,0.16096,0.4266,4.64637,0.18222,0.34494,0.70662,0.00172676,0.00172676,0.00172676
71,1375.26,0.33973,4.35183,0.21188,0.27421,0.95073,0.99813,1,0.995,0.91723,0.59883,0.6,0.54769,0.18744,0.45429,4.68516,0.18734,0.38777,0.72647,0.0017228,0.0017228,0.0017228
72,1394.2,0.31416,4.42041,0.20974,0.2797,0.96188,0.99825,1,0.995,0.92547,0.63212,0.63333,0.57046,0.16682,0.42102,4.4953,0.18391,0.3652,0.70375,0.00171884,0.00171884,0.00171884
73,1413.24,0.33257,4.01882,0.22051,0.28217,0.9353,0.99784,1,0.995,0.92141,0.6652,0.66667,0.65495,0.18956,0.4824,4.40723,0.20684,0.39454,0.74657,0.00171488,0.00171488,0.00171488
74,1432.17,0.34199,4.2218,0.22158,0.28586,0.95428,0.99788,1,0.995,0.94046,0.63316,0.63333,0.49704,0.13575,0.41845,4.64557,0.18827,0.32812,0.68906,0.00171092,0.00171092,0.00171092
75,1451.18,0.34609,4.14495,0.21264,0.28516,0.9761,0.99765,1,0.995,0.91015,0.69824,0.7,0.57861,0.18155,0.4485,4.04226,0.17361,0.34066,0.70902,0.00170696,0.00170696,0.00170696
76,1470.61,0.31557,3.96257,0.20702,0.28978,0.93722,0.99797,1,0.995,0.92697,0.54545,0.6,0.48211,0.14877,0.42798,4.65879,0.18819,0.33162,0.69509,0.001703,0.001703,0.001703
77,1489.96,0.33075,4.08523,0.21068,0.2861,0.94584,0.99814,1,0.995,0.90534,0.59907,0.6,0.48834,0.15661,0.42656,4.3632,0.17848,0.35811,0.69283,0.00169904,0.00169904,0.00169904
78,1509.29,0.3311,4.00084,0.20368,0.28925,0.95135,0.99804,1,0.995,0.89217,0.67677,0.698,0.68517,0.25411,0.47939,4.06995,0.18755,0.37146,0.71324,0.00169508,0.00169508,0.00169508
79,1529.02,0.29867,3.83864,0.21035,0.26935,0.9486,0.99815,1,0.995,0.90132,0.76522,0.76667,0.75772,0.22006,0.47568,3.98355,0.18666,0.37901,0.71314,0.00169112,0.00169112,0.00169112
80,1548.15,0.32904,3.7303,0.20649,0.28326,0.9593,0.99826,1,0.995,0.92316,0.81032,0.8,0.76606,0.24249,0.4072,3.89451,0.18504,0.3353,0.69438,0.00168716,0.00168716,0.00168716
81,1568,0.32196,3.72416,0.19675,0.27838,0.95964,0.99774,1,0.995,0.92973,0.7649,0.76667,0.75516,0.31514,0.39271,3.66615,0.17576,0.3282,0.65444,0.0016832,0.0016832,0.0016832
82,1587.71,0.31864,3.83936,0.20568,0.27804,0.95927,0.99785,1,0.995,0.90742,0.56545,0.56667,0.45079,0.13827,0.49861,4.33121,0.1694,0.38446,0.7236,0.00167924,0.00167924,0.00167924
83,1606.81,0.30301,3.89903,0.20145,0.27356,0.92733,0.99695,1,0.995,0.93413,0.63122,0.63333,0.51582,0.17336,0.41127,4.02114,0.17302,0.3216,0.68421,0.00167528,0.00167528,0.00167528
84,1625.76,0.32938,3.74099,0.21,0.27808,0.95065,0.99819,1,0.995,0.93568,0.76522,0.76667,0.69778,0.22434,0.40164,4.07991,0.16797,0.31318,0.68031,0.00167132,0.00167132,0.00167132
85,1645.06,0.35226,3.83644,0.2029,0.2846,0.97116,0.99811,1,0.995,0.90832,0.46621,0.46667,0.38825,0.11567,0.438,4.45584,0.17242,0.33437,0.69031,0.00166736,0.00166736,0.00166736
86,1664.27,0.33604,3.63049,0.21304,0.27963,0.96038,1,1,0.995,0.90886,0.56667,0.56667,0.50112,0.15277,0.46039,4.26281,0.16958,0.34304,0.72508,0.0016634,0.0016634,0.0016634
87,1683.34,0.33117,3.73373,0.20045,0.28605,0.96329,1,1,0.995,0.91603,0.56667,0.56667,0.48185,0.18147,0.51157,4.10957,0.18967,0.35732,0.74498,0.00165944,0.00165944,0.00165944
88,1702.03,0.32161,3.7452,0.20391,0.27048,0.93492,0.99816,1,0.995,0.9426,0.8318,0.83333,0.78881,0.25666,0.36825,3.7615,0.16928,0.30458,0.6542,0.00165548,0.00165548,0.00165548
89,1720.92,0.30998,3.4937,0.20074,0.2616,0.96201,1,1,0.995,0.91861,0.8,0.8,0.8009,0.27286,0.40692,3.50774,0.16421,0.30718,0.67198,0.00165152,0.00165152,0.00165152
90,1740.22,0.31359,3.36862,0.18767,0.26596,0.96668,0.99781,1,0.995,0.92797,0.73169,0.73333,0.64637,0.23794,0.43856,3.69136,0.16405,0.34785,0.6966,0.00164756,0.00164756,0.00164756
91,1759.13,0.29032,3.26977,0.19845,0.26235,0.92057,0.99801,1,0.995,0.93464,0.83168,0.83333,0.77182,0.26307,0.40303,3.29966,0.17228,0.37049,0.6765,0.0016436,0.0016436,0.0016436
92,1778.46,0.2991,3.15532,0.19522,0.25642,0.92949,0.99813,1,0.995,0.92137,0.79887,0.8,0.7556,0.25657,0.44591,3.35034,0.16757,0.33245,0.69125,0.00163964,0.00163964,0.00163964
93,1797.71,0.31161,3.13267,0.19673,0.26745,0.94264,0.99805,1,0.995,0.91389,0.7319,0.73333,0.71903,0.19971,0.46984,3.68515,0.16877,0.34712,0.73162,0.00163568,0.00163568,0.00163568
94,1816.97,0.3055,3.31161,0.18768,0.26673,0.94067,1,1,0.995,0.95003,0.6273,0.6,0.54967,0.2043,0.44811,3.76638,0.15779,0.33973,0.70965,0.00163172,0.00163172,0.00163172
95,1836.38,0.29745,2.91155,0.19182,0.27274,0.94557,0.99811,1,0.995,0.93258,0.86503,0.86667,0.81712,0.3084,0.42093,3.27145,0.16258,0.32971,0.69127,0.00162776,0.00162776,0.00162776
96,1855.77,0.3036,3.13673,0.20158,0.27355,0.93602,0.99814,1,0.995,0.93306,0.69899,0.7,0.60548,0.19417,0.42983,3.84297,0.16443,0.31549,0.6918,0.0016238,0.0016238,0.0016238
97,1874.89,0.30255,3.22011,0.19456,0.27158,0.94347,0.99811,1,0.995,0.91234,0.76519,0.76667,0.65838,0.23466,0.43022,3.65178,0.1765,0.33685,0.71077,0.00161984,0.00161984,0.00161984
98,1894.07,0.31263,3.11327,0.18928,0.27573,0.94084,0.99816,1,0.995,0.93545,0.79849,0.8,0.78001,0.34439,0.36474,3.05694,0.1656,0.30517,0.64758,0.00161588,0.00161588,0.00161588
99,1913.89,0.32148,2.99242,0.18914,0.2741,0.95185,0.99813,1,0.995,0.94471,0.83263,0.83333,0.82044,0.31766,0.34796,3.46766,0.15966,0.30655,0.63342,0.00161192,0.00161192,0.00161192
100,1933.39,0.29122,2.93539,0.1898,0.27435,0.93536,0.99823,1,0.995,0.92786,0.80196,0.8,0.74591,0.34023,0.41995,3.31167,0.16097,0.31555,0.70756,0.00160796,0.00160796,0.00160796
101,1952.8,0.30344,3.5448,0.19825,0.27249,0.92596,0.99819,1,0.995,0.93578,0.79933,0.8,0.78701,0.32948,0.39679,3.46985,0.16843,0.33142,0.67799,0.001604,0.001604,0.001604
102,1972.37,0.2859,3.37838,0.19215,0.26424,0.91593,0.99811,1,0.995,0.93679,0.86574,0.86667,0.82112,0.26622,0.37828,3.3202,0.15613,0.2824,0.67898,0.00160004,0.00160004,0.00160004
103,1991.22,0.2995,3.1201,0.18221,0.27426,0.94098,0.99808,1,0.995,0.91521,0.86501,0.86667,0.81342,0.35192,0.39862,3.00383,0.15898,0.29212,0.68386,0.00159608,0.00159608,0.00159608
104,2009.92,0.28984,3.13413,0.19422,0.25981,0.94094,0.99819,1,0.995,0.92117,0.799,0.8,0.79101,0.27839,0.4269,3.49992,0.15591,0.33867,0.68451,0.00159212,0.00159212,0.00159212
105,2029.08,0.30497,3.57555,0.18946,0.26648,0.93005,0.99821,1,0.995,0.92766,0.76654,0.76667,0.79238,0.34136,0.45406,3.37939,0.17868,0.36189,0.72032,0.00158816,0.00158816,0.00158816
106,2048.1,0.30144,3.42144,0.18593,0.2616,0.93681,0.99823,1,0.995,0.88332,0.54839,0.56667,0.45221,0.17252,0.54355,3.90682,0.176,0.38178,0.79989,0.0015842,0.0015842,0.0015842
107,2067.68,0.32817,3.44361,0.19448,0.2702,0.95159,0.99807,1,0.995,0.91262,0.93153,0.93333,0.89861,0.29942,0.47194,2.72932,0.17144,0.36451,0.74996,0.00158024,0.00158024,0.00158024
108,2087.01,0.30886,2.9492,0.18601,0.27461,0.9434,0.99804,1,0.995,0.90624,0.83331,0.83333,0.76629,0.27021,0.46499,3.22594,0.15849,0.37014,0.73384,0.00157628,0.00157628,0.00157628
109,2105.94,0.32196,2.97995,0.18713,0.28253,0.95277,0.99816,1,0.995,0.94451,0.93162,0.93333,0.91877,0.36624,0.38314,2.61711,0.16445,0.32216,0.65989,0.00157232,0.00157232,0.00157232
110,2125.43,0.29359,2.87951,0.18346,0.25764,0.92221,0.99817,1,0.995,0.9353,0.86661,0.86667,0.8603,0.3602,0.39303,2.94555,0.16113,0.31695,0.67637,0.00156836,0.00156836,0.00156836
111,2144.22,0.28186,2.63866,0.18503,0.25494,0.92346,0.99828,1,0.995,0.94224,0.89996,0.9,0.87151,0.44946,0.37673,2.66721,0.16983,0.29818,0.66296,0.0015644,0.0015644,0.0015644
112,2163.77,0.26848,2.76645,0.18885,0.24269,0.92014,0.99822,1,0.995,0.94971,0.89836,0.9,0.84353,0.31786,0.3577,2.86277,0.16593,0.32866,0.64736,0.00156044,0.00156044,0.00156044
113,2182.73,0.28914,2.68913,0.17939,0.25107,0.91506,0.9978,1,0.995,0.95173,0.86706,0.86667,0.8188,0.38533,0.3664,2.70476,0.16101,0.33466,0.64886,0.00155648,0.00155648,0.00155648
114,2201.72,0.27578,2.82636,0.18146,0.2467,0.92004,0.9929,1,0.995,0.93171,0.92657,0.93333,0.91394,0.34489,0.46262,2.88532,0.16722,0.36249,0.70415,0.00155252,0.00155252,0.00155252
115,2220.87,0.26762,2.61246,0.17926,0.24041,0.9219,0.96599,1,0.99403,0.92269,0.83719,0.86667,0.85082,0.27899,0.44809,3.14409,0.16392,0.36825,0.72708,0.00154856,0.00154856,0.00154856
116,2239.86,0.28569,2.64408,0.18587,0.26291,0.91614,0.99822,1,0.995,0.94131,0.93241,0.93333,0.95605,0.36572,0.3952,2.63637,0.1543,0.31266,0.65846,0.0015446,0.0015446,0.0015446
117,2259,0.27825,2.6342,0.18442,0.25565,0.92171,0.99831,1,0.995,0.97669,0.88328,0.86667,0.86377,0.36641,0.333,2.85056,0.15431,0.30263,0.61796,0.00154064,0.00154064,0.00154064
118,2278.2,0.27752,2.36254,0.18696,0.24708,0.90734,0.99824,1,0.995,0.9314,0.89919,0.9,0.90479,0.43012,0.40521,2.43925,0.15171,0.29656,0.68097,0.00153668,0.00153668,0.00153668
119,2297.15,0.28021,2.43097,0.18168,0.25201,0.91583,0.99817,1,0.995,0.94773,0.8655,0.86667,0.8539,0.48266,0.34955,2.29563,0.14901,0.28057,0.64621,0.00153272,0.00153272,0.00153272
120,2316.65,0.26345,2.42691,0.18153,0.24006,0.91068,0.99824,1,0.995,0.95439,0.93297,0.93333,0.92755,0.45178,0.35605,2.44639,0.14731,0.29088,0.64633,0.00152876,0.00152876,0.00152876
121,2335.78,0.27686,2.53437,0.17774,0.24027,0.92536,0.99822,1,0.995,0.95372,0.9328,0.93333,0.92658,0.47217,0.3856,2.3592,0.15893,0.31023,0.67578,0.0015248,0.0015248,0.0015248
122,2354.83,0.27899,2.60641,0.18073,0.24989,0.92304,0.99821,1,0.995,0.96396,0.83322,0.83333,0.78183,0.33028,0.34893,2.64665,0.15698,0.32362,0.63756,0.00152084,0.00152084,0.00152084
123,2373.78,0.26151,2.57702,0.16836,0.23928,0.91774,0.99816,1,0.995,0.95354,0.93288,0.93333,0.93813,0.44467,0.3371,2.48613,0.15289,0.30734,0.6433,0.00151688,0.00151688,0.00151688
124,2392.89,0.27207,2.45835,0.17805,0.24664,0.93064,0.99822,1,0.995,0.96151,0.96574,0.96667,0.98184,0.42751,0.35209,2.37141,0.15466,0.29914,0.64093,0.00151292,0.00151292,0.00151292
125,2411.91,0.28997,2.37033,0.18155,0.25753,0.94261,0.99818,1,0.995,0.93436,0.86574,0.86667,0.84326,0.37215,0.39953,2.44398,0.15574,0.31999,0.67406,0.00150896,0.00150896,0.00150896
126,2431.07,0.28421,2.54038,0.17821,0.24819,0.93582,0.99816,1,0.995,0.92897,0.83279,0.83333,0.79663,0.32724,0.41197,2.59419,0.15159,0.31139,0.68386,0.001505,0.001505,0.001505
127,2450.22,0.30166,2.57275,0.17533,0.26233,0.93893,0.99824,1,0.995,0.90663,0.90142,0.9,0.88899,0.49211,0.45871,2.42533,0.15735,0.33245,0.7284,0.00150104,0.00150104,0.00150104
128,2469.26,0.27531,2.78394,0.18258,0.25219,0.93462,0.99825,1,0.995,0.95215,0.8999,0.9,0.89808,0.34282,0.35013,2.64618,0.16219,0.31423,0.66622,0.00149708,0.00149708,0.00149708
129,2488.4,0.31925,2.31514,0.17574,0.25577,0.94378,0.99821,1,0.995,0.92269,0.93163,0.93333,0.91212,0.44799,0.43813,2.36533,0.15408,0.3125,0.70725,0.00149312,0.00149312,0.00149312
130,2507.3,0.29578,2.39999,0.18069,0.25443,0.92154,0.99828,1,0.995,0.94604,0.965,0.96667,0.95517,0.45304,0.40276,2.34885,0.15542,0.31682,0.68156,0.00148916,0.00148916,0.00148916
131,2526.13,0.2996,2.33925,0.18186,0.26481,0.93157,0.9982,1,0.995,0.92254,0.9982,1,0.995,0.47265,0.42458,2.38008,0.15544,0.32094,0.69169,0.0014852,0.0014852,0.0014852
132,2544.88,0.29291,2.53713,0.17627,0.25934,0.92269,0.99825,1,0.995,0.95172,0.86999,0.86667,0.84303,0.39219,0.35178,2.44377,0.15605,0.30427,0.63393,0.00148124,0.00148124,0.00148124
133,2563.66,0.28694,2.5058,0.18283,0.25435,0.92293,0.99831,1,0.995,0.94102,0.94261,0.93333,0.95931,0.42375,0.40548,2.38209,0.15541,0.3015,0.64897,0.00147728,0.00147728,0.00147728
134,2582.51,0.27823,2.66788,0.1766,0.24419,0.92762,0.99826,1,0.995,0.95199,0.86652,0.86667,0.85149,0.33686,0.3593,2.63284,0.15145,0.30155,0.63763,0.00147332,0.00147332,0.00147332
135,2601.86,0.29178,2.81307,0.17133,0.25694,0.91136,0.9982,1,0.995,0.94824,0.8992,0.9,0.90428,0.41826,0.35085,2.94121,0.15139,0.28898,0.63925,0.00146936,0.00146936,0.00146936
136,2621.67,0.27911,2.67072,0.1835,0.25777,0.90075,0.99809,1,0.995,0.95169,0.93248,0.93333,0.96094,0.49411,0.34245,2.75453,0.14589,0.28166,0.62724,0.0014654,0.0014654,0.0014654
137,2640.86,0.2662,2.56139,0.16784,0.24111,0.91287,1,1,0.995,0.96365,0.93333,0.93333,0.95509,0.5234,0.35366,2.27845,0.14831,0.28712,0.64605,0.00146144,0.00146144,0.00146144
138,2661.1,0.2706,2.47147,0.17875,0.24553,0.92756,0.99827,1,0.995,0.944,0.89944,0.9,0.91219,0.45456,0.36414,2.30647,0.14696,0.30304,0.6588,0.00145748,0.00145748,0.00145748
139,2680.31,0.24058,2.27112,0.1691,0.23985,0.91138,0.99816,1,0.995,0.94942,0.93283,0.93333,0.94049,0.47821,0.37632,2.21303,0.15134,0.30859,0.67521,0.00145352,0.00145352,0.00145352
140,2699.52,0.26579,2.13625,0.18225,0.24662,0.91492,0.99815,1,0.995,0.9406,0.89944,0.9,0.88067,0.41607,0.37482,2.28485,0.15765,0.32728,0.67413,0.00144956,0.00144956,0.00144956
141,2718.43,0.26839,2.31524,0.18538,0.25086,0.91205,0.99826,1,0.995,0.93222,0.93171,0.93333,0.90667,0.43871,0.36825,2.14907,0.15123,0.33157,0.64577,0.0014456,0.0014456,0.0014456
142,2737.4,0.28357,2.19163,0.1787,0.24849,0.92886,0.99821,1,0.995,0.94326,0.966,0.96667,0.97773,0.43994,0.37599,2.14585,0.1541,0.31513,0.66934,0.00144164,0.00144164,0.00144164
143,2756.47,0.28548,2.05751,0.17299,0.2451,0.90581,0.99819,1,0.995,0.91253,0.93164,0.93333,0.93653,0.43389,0.42252,2.18683,0.1525,0.29725,0.67991,0.00143768,0.00143768,0.00143768
144,2775.59,0.2606,2.03116,0.17049,0.23741,0.90882,0.99815,1,0.995,0.96196,0.96665,0.96667,0.97686,0.56205,0.33886,1.90866,0.15558,0.31399,0.63313,0.00143372,0.00143372,0.00143372
145,2794.76,0.2813,2.09333,0.16828,0.24767,0.92574,0.99816,1,0.995,0.95332,0.99001,0.96667,0.97714,0.48747,0.33334,2.1299,0.15393,0.30649,0.62863,0.00142976,0.00142976,0.00142976
146,2813.85,0.28145,2.2414,0.18101,0.25981,0.93445,0.99807,1,0.995,0.93516,0.96476,0.96667,0.97281,0.52643,0.39993,1.97905,0.15059,0.34651,0.69159,0.0014258,0.0014258,0.0014258
147,2832.79,0.27169,2.23581,0.176,0.25151,0.91502,0.99817,1,0.995,0.94479,0.9649,0.96667,0.94805,0.36925,0.36947,2.64617,0.15039,0.29234,0.65104,0.00142184,0.00142184,0.00142184
148,2851.72,0.26647,2.43284,0.17593,0.23976,0.92395,0.99822,1,0.995,0.94882,0.99822,1,0.995,0.49937,0.38081,2.20955,0.15467,0.32047,0.66095,0.00141788,0.00141788,0.00141788
149,2870.69,0.27225,2.23352,0.16886,0.24075,0.92804,0.9982,1,0.995,0.90618,0.96517,0.96667,0.97911,0.50967,0.4363,2.11895,0.1665,0.36176,0.7201,0.00141392,0.00141392,0.00141392
150,2889.73,0.27332,2.25732,0.1837,0.24876,0.89422,0.99824,1,0.995,0.93234,0.96613,0.96667,0.97838,0.55492,0.3907,2.02712,0.16746,0.32706,0.68583,0.00140996,0.00140996,0.00140996
151,2908.75,0.273,2.3175,0.16461,0.22874,0.92575,0.99828,1,0.995,0.93412,0.96783,0.96667,0.97991,0.59774,0.3852,2.04474,0.16465,0.32364,0.65753,0.001406,0.001406,0.001406
152,2928.58,0.27672,2.28421,0.17055,0.24461,0.91601,0.9982,1,0.995,0.91644,0.9982,1,0.995,0.49287,0.39874,2.15521,0.14738,0.30904,0.66669,0.00140204,0.00140204,0.00140204
153,2947.93,0.28018,2.08617,0.17902,0.2524,0.91199,0.9982,1,0.995,0.91804,0.9982,1,0.995,0.52257,0.39282,2.02543,0.14776,0.32713,0.65687,0.00139808,0.00139808,0.00139808
154,2967.13,0.27977,1.9953,0.16695,0.25302,0.91767,0.99815,1,0.995,0.92298,0.96488,0.96667,0.96007,0.5317,0.38517,1.78427,0.14326,0.29375,0.64968,0.00139412,0.00139412,0.00139412
155,2986.71,0.25913,2.14296,0.17765,0.24067,0.9054,0.99821,1,0.995,0.94587,0.96494,0.96667,0.97515,0.45151,0.37879,2.10037,0.14335,0.28942,0.64984,0.00139016,0.00139016,0.00139016
156,3005.94,0.26448,2.23008,0.17421,0.2478,0.92102,0.99812,1,0.995,0.90562,0.83177,0.83333,0.83702,0.31392,0.4318,2.99906,0.15817,0.35332,0.70036,0.0013862,0.0013862,0.0013862
157,3024.65,0.27851,2.08987,0.18285,0.25392,0.91368,1,1,0.995,0.90061,0.93333,0.93333,0.94603,0.5798,0.48563,2.01195,0.14988,0.35225,0.74373,0.00138224,0.00138224,0.00138224
158,3043.68,0.27728,2.08268,0.16657,0.24236,0.90681,1,1,0.995,0.9398,0.96667,0.96667,0.98007,0.54278,0.38168,2.13527,0.14282,0.33658,0.65819,0.00137828,0.00137828,0.00137828
159,3062.69,0.27462,2.01146,0.17027,0.24162,0.92148,0.99817,1,0.995,0.9405,0.99817,1,0.995,0.62319,0.39126,1.8927,0.14668,0.32099,0.67054,0.00137432,0.00137432,0.00137432
160,3082.16,0.24814,2.08139,0.17941,0.24559,0.90581,0.99705,1,0.995,0.93258,0.99705,1,0.995,0.5648,0.33871,1.69362,0.14346,0.29173,0.62772,0.00137036,0.00137036,0.00137036
161,3101.28,0.23835,1.97102,0.16643,0.22523,0.91925,0.99823,1,0.995,0.95566,0.96495,0.96667,0.95993,0.54248,0.33794,1.88664,0.14564,0.28606,0.62875,0.0013664,0.0013664,0.0013664
162,3120.87,0.23871,1.89047,0.15634,0.22985,0.90794,0.99825,1,0.995,0.9548,0.96498,0.96667,0.9764,0.60868,0.35611,1.68369,0.14668,0.29086,0.64105,0.00136244,0.00136244,0.00136244
163,3140.74,0.24567,1.87241,0.16512,0.22172,0.90909,0.99822,1,0.995,0.94655,0.93221,0.93333,0.96345,0.61032,0.36342,1.63019,0.14577,0.30983,0.64117,0.00135848,0.00135848,0.00135848
164,3159.87,0.24415,1.92969,0.16973,0.22816,0.91287,1,1,0.995,0.93557,0.96667,0.96667,0.9814,0.56802,0.3997,1.78744,0.14446,0.30546,0.66055,0.00135452,0.00135452,0.00135452
165,3179.2,0.26279,2.0718,0.16899,0.23251,0.92514,1,1,0.995,0.93899,0.93333,0.93333,0.9403,0.54019,0.39101,2.06007,0.14241,0.30533,0.65349,0.00135056,0.00135056,0.00135056
166,3199.02,0.25492,1.94715,0.17194,0.23927,0.91028,0.99819,1,0.995,0.93902,0.99819,1,0.995,0.61468,0.37835,1.73389,0.14373,0.28655,0.64265,0.0013466,0.0013466,0.0013466
167,3218.33,0.24955,1.93831,0.16402,0.235,0.93184,0.99815,1,0.995,0.9338,0.93216,0.93333,0.96035,0.54004,0.3802,1.93598,0.14599,0.32521,0.64604,0.00134264,0.00134264,0.00134264
168,3237.26,0.24605,1.82943,0.17058,0.23308,0.89648,1,1,0.995,0.9503,0.9,0.9,0.93936,0.56549,0.35057,1.89735,0.14301,0.28902,0.62362,0.00133868,0.00133868,0.00133868
169,3256.41,0.25555,2.06676,0.16957,0.22997,0.89828,0.9982,1,0.995,0.95743,0.93165,0.93333,0.93936,0.60093,0.33774,1.93313,0.14478,0.28705,0.62979,0.00133472,0.00133472,0.00133472
170,3275.6,0.25239,2.12174,0.18037,0.22761,0.88865,0.96774,1,0.995,0.96162,0.96774,1,0.995,0.4741,0.35169,2.01038,0.14785,0.33915,0.63126,0.00133076,0.00133076,0.00133076
171,3294.58,0.24524,2.01829,0.16377,0.23654,0.90538,0.99821,1,0.995,0.95398,0.9649,0.96667,0.95951,0.59531,0.36332,1.89455,0.14615,0.32713,0.65002,0.0013268,0.0013268,0.0013268
172,3313.5,0.24424,1.82637,0.17016,0.22893,0.911,0.99825,1,0.995,0.95008,0.96497,0.96667,0.97982,0.51333,0.36511,1.89615,0.15405,0.29336,0.65383,0.00132284,0.00132284,0.00132284
173,3332.42,0.23768,1.78741,0.17709,0.22168,0.87885,0.99829,1,0.995,0.94154,0.96501,0.96667,0.95935,0.59831,0.38122,1.73592,0.15902,0.31754,0.68556,0.00131888,0.00131888,0.00131888
174,3351.35,0.252,1.78279,0.1675,0.22541,0.90157,0.99823,1,0.995,0.95994,0.96495,0.96667,0.97798,0.62007,0.36128,1.82866,0.15014,0.32046,0.645,0.00131492,0.00131492,0.00131492
175,3370.69,0.24693,1.78052,0.17778,0.22641,0.89077,0.99817,1,0.995,0.9484,0.96518,0.96667,0.98082,0.54536,0.35465,1.87687,0.14591,0.28168,0.62033,0.00131096,0.00131096,0.00131096
176,3389.62,0.24038,1.6589,0.17033,0.21981,0.88713,0.99824,1,0.995,0.94316,0.93169,0.93333,0.9322,0.57375,0.36719,1.79848,0.14551,0.2971,0.63065,0.001307,0.001307,0.001307
177,3408.7,0.24729,1.77936,0.15479,0.22556,0.91573,0.99818,1,0.995,0.9451,0.96505,0.96667,0.97911,0.61427,0.35829,1.75587,0.14952,0.30176,0.62755,0.00130304,0.00130304,0.00130304
178,3427.73,0.22889,1.71203,0.16123,0.21766,0.88487,0.99819,1,0.995,0.93818,0.96499,0.96667,0.98082,0.61556,0.33979,1.6659,0.15122,0.28602,0.62516,0.00129908,0.00129908,0.00129908
179,3446.58,0.23302,1.78591,0.1648,0.22761,0.89144,0.9982,1,0.995,0.94506,0.96492,0.96667,0.97565,0.54481,0.35847,1.90348,0.14761,0.3158,0.6472,0.00129512,0.00129512,0.00129512
180,3465.65,0.2336,1.60925,0.16102,0.21686,0.90678,0.99828,1,0.995,0.95305,0.99828,1,0.995,0.62073,0.33663,1.81554,0.15443,0.29173,0.62655,0.00129116,0.00129116,0.00129116
181,3484.71,0.22255,1.60706,0.16963,0.22309,0.89287,0.99822,1,0.995,0.94719,0.99822,1,0.995,0.65187,0.35773,1.59883,0.15641,0.27088,0.64362,0.0012872,0.0012872,0.0012872
182,3504.11,0.24263,1.77973,0.1624,0.22344,0.91386,0.9982,1,0.995,0.95767,0.9982,1,0.995,0.66824,0.34263,1.57147,0.1499,0.26575,0.63225,0.00128324,0.00128324,0.00128324
183,3523.48,0.24967,1.72722,0.16907,0.22283,0.90518,0.99823,1,0.995,0.96735,0.96495,0.96667,0.98031,0.58507,0.32695,1.65385,0.14402,0.2732,0.61032,0.00127928,0.00127928,0.00127928
184,3542.46,0.23604,1.70614,0.16849,0.21752,0.89565,1,1,0.995,0.95528,0.96667,0.96667,0.9824,0.5948,0.32654,1.65411,0.14118,0.26303,0.61727,0.00127532,0.00127532,0.00127532
185,3561.44,0.23104,1.74255,0.15816,0.21597,0.90611,1,1,0.995,0.97202,0.96667,0.96667,0.9824,0.63984,0.33442,1.57709,0.14348,0.26884,0.62636,0.00127136,0.00127136,0.00127136
186,3580.67,0.25345,1.57531,0.16411,0.22374,0.90023,0.99821,1,0.995,0.95283,0.93192,0.93333,0.95828,0.63521,0.33922,1.62618,0.14145,0.27999,0.6302,0.0012674,0.0012674,0.0012674
187,3600.03,0.22026,1.557,0.16286,0.20387,0.89116,0.99821,1,0.995,0.96906,0.96494,0.96667,0.98031,0.63208,0.30087,1.60267,0.14215,0.27316,0.59901,0.00126344,0.00126344,0.00126344
188,3619.41,0.23738,1.54024,0.16799,0.20815,0.89493,0.99825,1,0.995,0.97653,0.99825,1,0.995,0.64547,0.29825,1.47173,0.13958,0.29034,0.59456,0.00125948,0.00125948,0.00125948
189,3638.68,0.23422,1.51029,0.16325,0.22022,0.8948,0.99821,1,0.995,0.97703,0.96493,0.96667,0.97891,0.56648,0.30973,1.60655,0.14384,0.29306,0.6121,0.00125552,0.00125552,0.00125552
190,3657.84,0.23981,1.52486,0.1693,0.22804,0.88037,0.99819,1,0.995,0.9725,0.99819,1,0.995,0.62421,0.31761,1.44489,0.14693,0.30612,0.59937,0.00125156,0.00125156,0.00125156
191,3677,0.22836,1.52907,0.1681,0.21798,0.88296,0.99825,1,0.995,0.95668,0.96497,0.96667,0.97774,0.65862,0.31664,1.45795,0.14317,0.28476,0.60562,0.0012476,0.0012476,0.0012476
192,3696.4,0.23798,1.52665,0.16019,0.22218,0.89653,0.99808,1,0.995,0.91871,0.99808,1,0.995,0.65273,0.39912,1.55124,0.15047,0.3282,0.66325,0.00124364,0.00124364,0.00124364
193,3715.56,0.24037,1.49027,0.16265,0.22194,0.88774,0.99818,1,0.995,0.95455,0.99818,1,0.995,0.65812,0.35127,1.44477,0.14617,0.30552,0.62518,0.00123968,0.00123968,0.00123968
194,3734.82,0.22972,1.58174,0.16515,0.21546,0.88226,0.99825,1,0.995,0.96519,0.96595,0.96667,0.98082,0.59964,0.32821,1.59433,0.15463,0.29349,0.60828,0.00123572,0.00123572,0.00123572
195,3753.86,0.22927,1.55295,0.15464,0.21546,0.90309,0.99822,1,0.995,0.95363,0.96621,0.96667,0.97991,0.6347,0.31336,1.50952,0.14465,0.28764,0.60035,0.00123176,0.00123176,0.00123176
196,3772.89,0.23638,1.6046,0.16871,0.22472,0.89505,0.99811,1,0.995,0.94698,0.96666,0.96667,0.98184,0.62219,0.35117,1.49469,0.14657,0.27769,0.6307,0.0012278,0.0012278,0.0012278
197,3791.71,0.22526,1.49801,0.15914,0.21211,0.90656,0.99818,1,0.995,0.97755,0.99818,1,0.995,0.63178,0.31301,1.48394,0.14918,0.25142,0.61208,0.00122384,0.00122384,0.00122384
198,3810.55,0.23367,1.38217,0.16084,0.20956,0.88834,0.99823,1,0.995,0.95422,0.99823,1,0.995,0.68272,0.3183,1.39117,0.14673,0.2777,0.61888,0.00121988,0.00121988,0.00121988
199,3830.75,0.24234,1.52221,0.15295,0.22564,0.91043,0.99825,1,0.995,0.93219,0.99825,1,0.995,0.63749,0.34857,1.66117,0.14321,0.28514,0.6329,0.00121592,0.00121592,0.00121592
200,3850.14,0.22661,1.45762,0.15043,0.2189,0.89438,0.99822,1,0.995,0.94106,0.99822,1,0.995,0.72105,0.3645,1.29986,0.14149,0.28009,0.6548,0.00121196,0.00121196,0.00121196
201,3869.4,0.22688,1.45144,0.16413,0.2149,0.8923,0.99821,1,0.995,0.95699,0.99821,1,0.995,0.65574,0.33993,1.59373,0.14025,0.26902,0.63106,0.001208,0.001208,0.001208
202,3888.89,0.23186,1.43158,0.15424,0.21294,0.89076,0.99824,1,0.995,0.95084,0.99824,1,0.995,0.68934,0.33088,1.41434,0.13924,0.2701,0.62093,0.00120404,0.00120404,0.00120404
203,3908.82,0.2332,1.53212,0.16059,0.21867,0.89617,0.99819,1,0.995,0.9408,0.99819,1,0.995,0.62306,0.34124,1.52222,0.13871,0.26693,0.62478,0.00120008,0.00120008,0.00120008
204,3928.16,0.22452,1.47993,0.15387,0.22474,0.8982,0.99815,1,0.995,0.95324,0.96506,0.96667,0.98082,0.73749,0.32138,1.23401,0.14053,0.26406,0.62102,0.00119612,0.00119612,0.00119612
205,3947.9,0.2146,1.433,0.16244,0.21083,0.88773,0.99822,1,0.995,0.96132,0.96495,0.96667,0.98031,0.6737,0.2921,1.38016,0.14004,0.24239,0.58731,0.00119216,0.00119216,0.00119216
206,3967.24,0.22896,1.39943,0.15433,0.21678,0.89854,0.99821,1,0.995,0.96746,0.96494,0.96667,0.98031,0.59861,0.32072,1.6021,0.1367,0.28876,0.60293,0.0011882,0.0011882,0.0011882
207,3986.55,0.23104,1.55003,0.16079,0.21515,0.88086,0.99817,1,0.995,0.97621,0.99817,1,0.995,0.60548,0.31182,1.62109,0.137,0.27536,0.60236,0.00118424,0.00118424,0.00118424
208,4005.9,0.21906,1.39534,0.15844,0.20878,0.88562,0.99819,1,0.995,0.98205,0.96492,0.96667,0.96231,0.63485,0.32103,1.45438,0.13789,0.26878,0.60686,0.00118028,0.00118028,0.00118028
209,4024.9,0.22947,1.55096,0.17375,0.21165,0.88031,0.99824,1,0.995,0.97898,0.99824,1,0.995,0.63732,0.30756,1.49737,0.14292,0.27568,0.59929,0.00117632,0.00117632,0.00117632
210,4043.95,0.22916,1.42553,0.15525,0.20838,0.89357,0.9982,1,0.995,0.96305,0.9982,1,0.995,0.73194,0.33034,1.25065,0.14585,0.29152,0.617,0.00117236,0.00117236,0.00117236
211,4063.56,0.24416,1.44985,0.15867,0.21697,0.90026,1,1,0.995,0.95127,1,1,0.995,0.70636,0.3569,1.38918,0.14897,0.31007,0.63725,0.0011684,0.0011684,0.0011684
212,4082.58,0.22633,1.36466,0.14993,0.20094,0.89051,1,1,0.995,0.95716,1,1,0.995,0.70707,0.3187,1.30221,0.13811,0.26025,0.59656,0.00116444,0.00116444,0.00116444
213,4101.75,0.21658,1.28401,0.15329,0.20334,0.87752,1,1,0.995,0.97129,1,1,0.995,0.66731,0.31308,1.46956,0.13847,0.24182,0.59975,0.00116048,0.00116048,0.00116048
214,4120.6,0.2025,1.32793,0.15288,0.19865,0.86676,0.99825,1,0.995,0.97426,0.99825,1,0.995,0.70066,0.28896,1.34916,0.13788,0.2464,0.58132,0.00115652,0.00115652,0.00115652
215,4139.43,0.21749,1.41303,0.15258,0.19899,0.872,1,1,0.995,0.97679,1,1,0.995,0.63735,0.29335,1.40901,0.13867,0.25145,0.58088,0.00115256,0.00115256,0.00115256
216,4158.57,0.22082,1.25545,0.14925,0.20409,0.89652,0.99821,1,0.995,0.96969,0.99821,1,0.995,0.68506,0.31428,1.30988,0.14973,0.28503,0.59171,0.0011486,0.0011486,0.0011486
217,4177.43,0.21901,1.39152,0.15782,0.21038,0.8906,0.99819,1,0.995,0.94647,0.99819,1,0.995,0.70083,0.32714,1.37424,0.15258,0.30457,0.61023,0.00114464,0.00114464,0.00114464
218,4196.24,0.22117,1.28715,0.15409,0.21597,0.90401,0.99822,1,0.995,0.95882,0.99822,1,0.995,0.7187,0.30532,1.34068,0.15699,0.28424,0.58646,0.00114068,0.00114068,0.00114068
219,4215.8,0.21738,1.34099,0.15233,0.20463,0.88842,0.9982,1,0.995,0.97891,0.9982,1,0.995,0.70488,0.30314,1.389,0.15451,0.30065,0.58224,0.00113672,0.00113672,0.00113672
220,4235.14,0.22823,1.38596,0.14827,0.20847,0.90209,0.99821,1,0.995,0.96052,0.99821,1,0.995,0.69954,0.33046,1.34881,0.15354,0.29912,0.60101,0.00113276,0.00113276,0.00113276
221,4254.43,0.21625,1.25297,0.17437,0.20504,0.88725,0.9982,1,0.995,0.94821,0.9982,1,0.995,0.73926,0.30895,1.28708,0.15456,0.28833,0.60207,0.0011288,0.0011288,0.0011288
222,4273.94,0.21509,1.25673,0.15709,0.20066,0.88699,0.99821,1,0.995,0.95812,0.99821,1,0.995,0.7558,0.31625,1.26231,0.15482,0.28348,0.626,0.00112484,0.00112484,0.00112484
223,4293.59,0.22647,1.18404,0.15666,0.21476,0.88824,1,1,0.995,0.97515,1,1,0.995,0.7003,0.28786,1.30814,0.14987,0.32445,0.60228,0.00112088,0.00112088,0.00112088
224,4312.7,0.22169,1.26871,0.1555,0.20736,0.90317,1,1,0.995,0.97066,1,1,0.995,0.70184,0.30794,1.3362,0.14446,0.31495,0.61039,0.00111692,0.00111692,0.00111692
225,4331.74,0.21666,1.3757,0.15753,0.20318,0.89078,0.99826,1,0.995,0.9401,0.99826,1,0.995,0.57758,0.37772,1.54116,0.1511,0.31379,0.65717,0.00111296,0.00111296,0.00111296
226,4350.73,0.22715,1.33896,0.15772,0.20861,0.89921,1,1,0.995,0.96789,1,1,0.995,0.64785,0.29606,1.2614,0.14274,0.2669,0.60678,0.001109,0.001109,0.001109
227,4369.78,0.21223,1.21646,0.15646,0.20507,0.87626,1,1,0.995,0.94425,1,1,0.995,0.71961,0.33587,1.19813,0.1426,0.27044,0.63442,0.00110504,0.00110504,0.00110504
228,4388.64,0.21691,1.20366,0.15452,0.20731,0.89072,1,1,0.995,0.96457,1,1,0.995,0.72311,0.28413,1.20817,0.13824,0.25767,0.59188,0.00110108,0.00110108,0.00110108
229,4407.56,0.20954,1.14377,0.14834,0.20016,0.8779,1,1,0.995,0.95992,1,1,0.995,0.75349,0.31111,1.18079,0.13943,0.25151,0.5977,0.00109712,0.00109712,0.00109712
230,4426.41,0.20312,1.31441,0.16202,0.19562,0.87211,0.99825,1,0.995,0.96738,0.99825,1,0.995,0.74416,0.29717,1.1585,0.13944,0.25302,0.59206,0.00109316,0.00109316,0.00109316
231,4445.27,0.21861,1.2467,0.15958,0.19997,0.88709,1,1,0.995,0.95132,1,1,0.995,0.73442,0.29672,1.22623,0.13511,0.24284,0.58876,0.0010892,0.0010892,0.0010892
232,4464.02,0.20388,1.30729,0.15909,0.19946,0.87031,0.99823,1,0.995,0.95098,0.99823,1,0.995,0.70764,0.28401,1.24919,0.13684,0.25448,0.57288,0.00108524,0.00108524,0.00108524
233,4483.1,0.20926,1.26867,0.15418,0.20841,0.8844,0.99823,1,0.995,0.96858,0.99823,1,0.995,0.70549,0.28803,1.25105,0.13834,0.24176,0.57634,0.00108128,0.00108128,0.00108128
234,4502.11,0.20825,1.3114,0.16449,0.19956,0.87159,0.99825,1,0.995,0.98063,0.99825,1,0.995,0.69801,0.28112,1.29945,0.13539,0.24561,0.57084,0.00107732,0.00107732,0.00107732
235,4521.46,0.20071,1.36107,0.14929,0.19562,0.89103,0.99828,1,0.995,0.97626,0.99828,1,0.995,0.74094,0.28412,1.18344,0.13854,0.24059,0.57427,0.00107336,0.00107336,0.00107336
236,4541.1,0.20132,1.21318,0.14876,0.18892,0.88356,1,1,0.995,0.97379,1,1,0.995,0.71675,0.28322,1.18813,0.13867,0.26258,0.58988,0.0010694,0.0010694,0.0010694
237,4560.28,0.21647,1.35855,0.15384,0.20258,0.88159,1,1,0.995,0.96714,1,1,0.995,0.72867,0.29222,1.2028,0.13552,0.24007,0.58684,0.00106544,0.00106544,0.00106544
238,4579.59,0.21157,1.40763,0.14776,0.20224,0.88144,0.9982,1,0.995,0.98925,0.9982,1,0.995,0.67525,0.26337,1.34343,0.13961,0.26376,0.55108,0.00106148,0.00106148,0.00106148
239,4599.23,0.2069,1.29407,0.15328,0.20059,0.87513,1,1,0.995,0.98315,1,1,0.995,0.68115,0.25695,1.38276,0.14709,0.26198,0.55497,0.00105752,0.00105752,0.00105752
240,4618.3,0.2036,1.2643,0.14329,0.19447,0.8845,1,1,0.995,0.97797,1,1,0.995,0.69455,0.27917,1.35764,0.1434,0.24217,0.56729,0.00105356,0.00105356,0.00105356
241,4637.44,0.21149,1.3407,0.15787,0.19769,0.88744,1,1,0.995,0.97108,1,1,0.995,0.67244,0.30662,1.40171,0.14559,0.26553,0.59138,0.0010496,0.0010496,0.0010496
242,4656.07,0.21745,1.35459,0.16288,0.20213,0.88286,1,1,0.995,0.98166,1,1,0.995,0.7736,0.2848,1.14592,0.14265,0.24009,0.57528,0.00104564,0.00104564,0.00104564
243,4675.44,0.20384,1.25332,0.15503,0.19629,0.88133,1,1,0.995,0.96799,1,1,0.995,0.74524,0.31201,1.19451,0.13647,0.26897,0.60291,0.00104168,0.00104168,0.00104168
244,4694.84,0.19362,1.21467,0.15712,0.18926,0.86243,0.99822,1,0.995,0.98578,0.96494,0.96667,0.97851,0.769,0.28399,1.09811,0.13699,0.24151,0.58614,0.00103772,0.00103772,0.00103772
245,4714.31,0.20003,1.23635,0.15288,0.18929,0.87121,0.99825,1,0.995,0.97186,0.99825,1,0.995,0.76452,0.30314,1.13749,0.13325,0.22913,0.59383,0.00103376,0.00103376,0.00103376
246,4733.96,0.19286,1.14258,0.15508,0.18224,0.87517,1,1,0.995,0.98083,1,1,0.995,0.71916,0.27346,1.26085,0.13493,0.24272,0.55625,0.0010298,0.0010298,0.0010298
247,4753.15,0.20383,1.25792,0.15442,0.19986,0.86054,0.99825,1,0.995,0.98017,0.96498,0.96667,0.97951,0.70163,0.27207,1.38125,0.13058,0.24177,0.55498,0.00102584,0.00102584,0.00102584
248,4772.28,0.20245,1.27943,0.14475,0.1962,0.8786,0.99822,1,0.995,0.98202,0.96495,0.96667,0.97982,0.70095,0.28621,1.24306,0.13572,0.23439,0.58062,0.00102188,0.00102188,0.00102188
249,4791.48,0.1988,1.17344,0.15801,0.19427,0.85176,0.99825,1,0.995,0.97495,0.99825,1,0.995,0.74006,0.29704,1.22807,0.13322,0.24889,0.58382,0.00101792,0.00101792,0.00101792
250,4810.94,0.20296,1.30067,0.15601,0.20237,0.88383,0.99815,1,0.995,0.97172,0.99815,1,0.995,0.73838,0.29273,1.15053,0.14125,0.28115,0.57695,0.00101396,0.00101396,0.00101396
251,4830.37,0.20708,1.22678,0.15725,0.19548,0.88133,0.99811,1,0.995,0.97289,0.99811,1,0.995,0.74427,0.26095,1.14111,0.13978,0.25722,0.55704,0.00101,0.00101,0.00101
252,4849.58,0.20148,1.20343,0.14507,0.18977,0.90412,0.9982,1,0.995,0.96575,0.9982,1,0.995,0.75332,0.28657,1.09374,0.13891,0.24557,0.58112,0.00100604,0.00100604,0.00100604
253,4868.79,0.18272,1.15589,0.15301,0.17696,0.86766,0.99826,1,0.995,0.94774,0.99826,1,0.995,0.72075,0.3051,1.23936,0.13869,0.25055,0.59079,0.00100208,0.00100208,0.00100208
254,4888.08,0.20042,1.08625,0.15289,0.19653,0.88803,1,1,0.995,0.9696,1,1,0.995,0.73232,0.28677,1.22879,0.13692,0.24916,0.5784,0.00099812,0.00099812,0.00099812
255,4907.07,0.19454,1.08529,0.1467,0.18921,0.8826,1,1,0.995,0.96865,1,1,0.995,0.75176,0.29496,1.16654,0.14575,0.28498,0.59135,0.00099416,0.00099416,0.00099416
256,4926.09,0.20609,1.27995,0.15035,0.195,0.8736,1,1,0.995,0.97958,1,1,0.995,0.66298,0.29926,1.29888,0.15579,0.28462,0.58903,0.0009902,0.0009902,0.0009902
257,4945.42,0.21181,1.22809,0.1522,0.2034,0.88539,1,1,0.995,0.97207,1,1,0.995,0.72061,0.28058,1.12743,0.14796,0.28267,0.57641,0.00098624,0.00098624,0.00098624
258,4964.71,0.21169,1.16539,0.15017,0.20876,0.88138,0.99823,1,0.995,0.96614,0.96496,0.96667,0.97851,0.70812,0.30216,1.25967,0.13673,0.27979,0.59384,0.00098228,0.00098228,0.00098228
259,4984.31,0.19133,1.19666,0.14936,0.19302,0.87819,0.99824,1,0.995,0.97702,0.96496,0.96667,0.97951,0.70106,0.28,1.34714,0.1304,0.25004,0.574,0.00097832,0.00097832,0.00097832
260,5003.25,0.1763,1.14203,0.14375,0.17242,0.88565,1,1,0.995,0.98349,1,1,0.995,0.74313,0.26283,1.11936,0.13196,0.23403,0.55942,0.00097436,0.00097436,0.00097436
261,5022.15,0.183,1.1457,0.15369,0.18939,0.87994,0.99828,1,0.995,0.98949,0.99828,1,0.995,0.74515,0.24728,1.18306,0.13112,0.23102,0.55589,0.0009704,0.0009704,0.0009704
262,5041.12,0.17738,1.0987,0.14655,0.17703,0.89075,0.99826,1,0.995,0.98268,0.99826,1,0.995,0.78488,0.26056,1.03122,0.13109,0.2395,0.56868,0.00096644,0.00096644,0.00096644
263,5060.89,0.19346,1.2284,0.15073,0.17734,0.8781,1,1,0.995,0.98811,1,1,0.995,0.68053,0.26624,1.33969,0.13257,0.2378,0.57527,0.00096248,0.00096248,0.00096248
264,5079.85,0.1903,1.24088,0.15686,0.18936,0.87358,1,1,0.995,0.99127,1,1,0.995,0.74891,0.25135,1.14301,0.13518,0.22823,0.5499,0.00095852,0.00095852,0.00095852
265,5098.76,0.18555,1.13444,0.15853,0.18393,0.85776,0.99822,1,0.995,0.97425,0.99822,1,0.995,0.74937,0.25199,1.19935,0.13619,0.24461,0.54967,0.00095456,0.00095456,0.00095456
266,5117.67,0.19651,1.13937,0.1583,0.18909,0.86226,0.99823,1,0.995,0.98402,0.99823,1,0.995,0.73377,0.25872,1.24992,0.13809,0.26812,0.5634,0.0009506,0.0009506,0.0009506
267,5136.72,0.198,1.15274,0.15387,0.19453,0.8795,0.99825,1,0.995,0.97801,0.99825,1,0.995,0.75627,0.25405,1.17954,0.14174,0.25383,0.56683,0.00094664,0.00094664,0.00094664
268,5156.06,0.18916,1.1095,0.15517,0.18573,0.87121,1,1,0.995,0.96961,1,1,0.995,0.78528,0.27812,1.02353,0.14778,0.2624,0.60441,0.00094268,0.00094268,0.00094268
269,5175.12,0.19041,1.08062,0.14973,0.18078,0.86811,1,1,0.995,0.98383,1,1,0.995,0.78732,0.28384,1.11276,0.14292,0.26627,0.59475,0.00093872,0.00093872,0.00093872
270,5194.83,0.185,1.10093,0.14032,0.1752,0.88846,1,1,0.995,0.96861,1,1,0.995,0.82185,0.30687,0.91883,0.14697,0.27033,0.61565,0.00093476,0.00093476,0.00093476
271,5214.33,0.17779,1.039,0.1482,0.17852,0.85135,1,1,0.995,0.98851,1,1,0.995,0.78919,0.27147,0.9651,0.13473,0.24179,0.55696,0.0009308,0.0009308,0.0009308
272,5233.39,0.18937,1.09865,0.1398,0.1871,0.88031,0.99825,1,0.995,0.98893,0.99825,1,0.995,0.78674,0.24192,1.08479,0.13065,0.21673,0.53241,0.00092684,0.00092684,0.00092684
273,5252.39,0.20065,1.10353,0.14776,0.18935,0.88244,0.99831,1,0.995,0.98671,0.99831,1,0.995,0.75185,0.26716,1.12289,0.13048,0.21138,0.55008,0.00092288,0.00092288,0.00092288
274,5271.31,0.19226,1.07637,0.14604,0.18124,0.88508,0.99832,1,0.995,0.97873,0.99832,1,0.995,0.79259,0.28223,1.05678,0.13547,0.23453,0.56792,0.00091892,0.00091892,0.00091892
275,5290.41,0.19044,1.03928,0.1504,0.17951,0.87026,0.99826,1,0.995,0.97971,0.99826,1,0.995,0.75224,0.26687,1.14811,0.13291,0.24148,0.56525,0.00091496,0.00091496,0.00091496
276,5309.2,0.20278,1.01324,0.15027,0.18769,0.86796,0.99826,1,0.995,0.97012,0.99826,1,0.995,0.76371,0.26695,1.00327,0.13512,0.2346,0.56306,0.000911,0.000911,0.000911
277,5328.46,0.20159,1.04169,0.15847,0.18833,0.86693,1,1,0.995,0.96931,1,1,0.995,0.7384,0.27714,1.06461,0.13857,0.25145,0.57669,0.00090704,0.00090704,0.00090704
278,5347.42,0.18794,1.04613,0.13306,0.18842,0.87208,1,1,0.995,0.97816,1,1,0.995,0.70433,0.28995,1.07822,0.14061,0.24637,0.58078,0.00090308,0.00090308,0.00090308
279,5366.32,0.20569,1.09911,0.15088,0.18919,0.88358,0.99826,1,0.995,0.98102,0.99826,1,0.995,0.74596,0.26229,1.06006,0.13932,0.24499,0.55976,0.00089912,0.00089912,0.00089912
280,5385.56,0.17853,1.02464,0.14716,0.19031,0.86925,1,1,0.995,0.98182,1,1,0.995,0.72031,0.26397,1.03187,0.14535,0.26716,0.55439,0.00089516,0.00089516,0.00089516
281,5404.69,0.18139,0.98364,0.14141,0.18597,0.86273,1,1,0.995,0.98683,1,1,0.995,0.73702,0.26467,1.05381,0.14179,0.26778,0.55085,0.0008912,0.0008912,0.0008912
282,5423.58,0.19226,1.00496,0.14761,0.18744,0.86288,1,1,0.995,0.97774,1,1,0.995,0.76051,0.26722,1.03738,0.13195,0.27327,0.55896,0.00088724,0.00088724,0.00088724
283,5442.26,0.18629,1.01909,0.14508,0.18374,0.85707,0.99824,1,0.995,0.97856,0.99824,1,0.995,0.79852,0.27505,0.89294,0.12988,0.26487,0.56686,0.00088328,0.00088328,0.00088328
284,5461.36,0.17853,1.0022,0.14681,0.17706,0.87276,0.99826,1,0.995,0.9826,0.99826,1,0.995,0.7554,0.25459,1.06653,0.12646,0.243,0.54767,0.00087932,0.00087932,0.00087932
285,5480.76,0.18427,0.94509,0.13919,0.17671,0.88548,0.99829,1,0.995,0.98559,0.99829,1,0.995,0.73678,0.26043,1.11575,0.12982,0.23239,0.55411,0.00087536,0.00087536,0.00087536
286,5499.69,0.18027,1.02563,0.14012,0.17449,0.88495,1,1,0.995,0.96969,1,1,0.995,0.77074,0.25995,1.09574,0.1301,0.23084,0.5569,0.0008714,0.0008714,0.0008714
287,5518.65,0.18823,0.97981,0.14659,0.1772,0.88644,1,1,0.995,0.98135,1,1,0.995,0.80124,0.25831,0.96162,0.13051,0.2242,0.553,0.00086744,0.00086744,0.00086744
288,5537.72,0.17607,0.97462,0.14188,0.18044,0.87866,1,1,0.995,0.98848,1,1,0.995,0.77472,0.25183,1.05954,0.13327,0.2251,0.54925,0.00086348,0.00086348,0.00086348
289,5557.23,0.16993,1.00622,0.13921,0.17875,0.86732,1,1,0.995,0.98515,1,1,0.995,0.76632,0.24103,1.15572,0.13405,0.2088,0.53447,0.00085952,0.00085952,0.00085952
290,5576.48,0.17537,1.0592,0.14525,0.17646,0.86154,0.99827,1,0.995,0.98809,0.99827,1,0.995,0.74594,0.24271,1.14849,0.13267,0.22094,0.53642,0.00085556,0.00085556,0.00085556
291,5595.63,0.18532,1.07625,0.14505,0.17135,0.87685,0.99826,1,0.995,0.9868,0.99826,1,0.995,0.73578,0.23279,1.12452,0.13103,0.22464,0.53066,0.0008516,0.0008516,0.0008516
292,5614.85,0.18427,1.02127,0.15164,0.17813,0.87472,1,1,0.995,0.9835,1,1,0.995,0.76377,0.23347,1.07752,0.13107,0.22173,0.53666,0.00084764,0.00084764,0.00084764
293,5633.77,0.17004,1.02426,0.13974,0.17135,0.87122,0.99824,1,0.995,0.98646,0.99824,1,0.995,0.74447,0.26092,1.05575,0.14708,0.23458,0.56745,0.00084368,0.00084368,0.00084368
294,5652.8,0.17039,0.99187,0.15114,0.16445,0.849,1,1,0.995,0.98743,1,1,0.995,0.76717,0.24287,1.05462,0.14465,0.22256,0.54207,0.00083972,0.00083972,0.00083972
295,5672.09,0.16725,0.96992,0.14038,0.16751,0.87087,1,1,0.995,0.98773,1,1,0.995,0.77609,0.23779,0.97042,0.135,0.21871,0.53759,0.00083576,0.00083576,0.00083576
296,5691.22,0.17538,0.97282,0.14935,0.16729,0.86867,1,1,0.995,0.97565,1,1,0.995,0.76779,0.23976,1.00779,0.13178,0.21359,0.54087,0.0008318,0.0008318,0.0008318
297,5710.19,0.18069,0.94581,0.14703,0.17487,0.88327,1,1,0.995,0.98326,1,1,0.995,0.79762,0.23481,1.00617,0.13012,0.21265,0.53715,0.00082784,0.00082784,0.00082784
298,5729.08,0.18453,0.98732,0.13907,0.16977,0.87804,1,1,0.995,0.98235,1,1,0.995,0.79626,0.26083,0.93957,0.13315,0.25451,0.55279,0.00082388,0.00082388,0.00082388
299,5748.77,0.19229,0.94626,0.13978,0.18099,0.8735,1,1,0.995,0.94981,1,1,0.995,0.77979,0.31416,0.87569,0.13441,0.27713,0.58756,0.00081992,0.00081992,0.00081992
300,5767.78,0.18417,0.94447,0.15602,0.18517,0.85855,1,1,0.995,0.97385,1,1,0.995,0.79619,0.27545,0.89868,0.13569,0.26225,0.57018,0.00081596,0.00081596,0.00081596
301,5786.82,0.17864,0.9506,0.14626,0.17948,0.87649,1,1,0.995,0.99099,1,1,0.995,0.77222,0.26187,1.00293,0.13241,0.26526,0.55724,0.000812,0.000812,0.000812
302,5806.17,0.17862,0.8946,0.15333,0.17821,0.86087,1,1,0.995,0.9703,1,1,0.995,0.7784,0.2606,1.00898,0.13386,0.22064,0.5609,0.00080804,0.00080804,0.00080804
303,5825.08,0.17856,0.92978,0.14698,0.18285,0.88789,1,1,0.995,0.97544,1,1,0.995,0.77453,0.26449,0.9896,0.1282,0.22753,0.55414,0.00080408,0.00080408,0.00080408
304,5844,0.18454,0.97521,0.14081,0.17866,0.87973,0.99824,1,0.995,0.995,0.99824,1,0.995,0.77637,0.24839,0.95077,0.12599,0.21682,0.54108,0.00080012,0.00080012,0.00080012
305,5862.88,0.17915,0.92791,0.14362,0.17851,0.87772,0.99824,1,0.995,0.98894,0.99824,1,0.995,0.77771,0.26894,0.95162,0.12743,0.22308,0.55187,0.00079616,0.00079616,0.00079616
306,5881.68,0.18218,1.03268,0.15699,0.18637,0.85619,0.99825,1,0.995,0.99358,0.99825,1,0.995,0.7473,0.24803,1.08147,0.12622,0.22358,0.53439,0.0007922,0.0007922,0.0007922
307,5900.65,0.17956,0.95731,0.14564,0.1775,0.86737,1,1,0.995,0.99132,1,1,0.995,0.75451,0.25495,1.04091,0.12799,0.23173,0.54051,0.00078824,0.00078824,0.00078824
308,5919.52,0.18417,0.91462,0.1476,0.17998,0.86548,1,1,0.995,0.99025,1,1,0.995,0.79027,0.23463,0.95796,0.12908,0.23552,0.52979,0.00078428,0.00078428,0.00078428
309,5938.49,0.1792,0.85721,0.13872,0.16788,0.87714,0.99827,1,0.995,0.98374,0.99827,1,0.995,0.77476,0.27098,0.91954,0.12873,0.22395,0.56008,0.00078032,0.00078032,0.00078032
310,5957.62,0.17842,0.89776,0.14074,0.17942,0.86282,0.99826,1,0.995,0.97174,0.99826,1,0.995,0.79337,0.25008,0.87259,0.12605,0.22515,0.54846,0.00077636,0.00077636,0.00077636
311,5976.47,0.1702,0.90058,0.14628,0.1754,0.86807,1,1,0.995,0.98626,1,1,0.995,0.75539,0.23883,0.94817,0.12793,0.21245,0.54272,0.0007724,0.0007724,0.0007724
312,5995.53,0.16724,0.88626,0.14704,0.16864,0.86609,0.99824,1,0.995,0.97624,0.99824,1,0.995,0.82689,0.25801,0.91734,0.12897,0.21911,0.57211,0.00076844,0.00076844,0.00076844
313,6014.81,0.17668,0.91338,0.13885,0.17894,0.873,0.99813,1,0.995,0.97578,0.99813,1,0.995,0.76514,0.27307,1.00962,0.12927,0.24429,0.58665,0.00076448,0.00076448,0.00076448
314,6033.91,0.18419,0.94387,0.15384,0.17757,0.86109,0.99755,1,0.995,0.98706,0.99755,1,0.995,0.78297,0.25216,1.00461,0.13014,0.22428,0.56245,0.00076052,0.00076052,0.00076052
315,6052.74,0.16984,0.92272,0.14158,0.17736,0.84803,0.99669,1,0.995,0.9632,0.99669,1,0.995,0.78573,0.27031,0.99926,0.12742,0.22905,0.56339,0.00075656,0.00075656,0.00075656
316,6071.98,0.1591,1.0431,0.15522,0.16948,0.85491,0.99804,1,0.995,0.98758,0.99804,1,0.995,0.81537,0.2382,0.88595,0.1302,0.21895,0.54096,0.0007526,0.0007526,0.0007526
317,6091.19,0.16116,0.92592,0.13959,0.17086,0.86676,0.99792,1,0.995,0.98605,0.99792,1,0.995,0.79389,0.24069,0.8664,0.12938,0.20835,0.53595,0.00074864,0.00074864,0.00074864
318,6109.95,0.1547,0.94421,0.14425,0.16888,0.8544,0.99822,1,0.995,0.98235,0.99822,1,0.995,0.82127,0.24155,0.86931,0.12757,0.21709,0.53514,0.00074468,0.00074468,0.00074468
319,6129.94,0.15988,0.89562,0.14796,0.16179,0.84127,0.99828,1,0.995,0.98289,0.99828,1,0.995,0.81782,0.24701,0.87754,0.12673,0.21414,0.53899,0.00074072,0.00074072,0.00074072
320,6149.12,0.1619,0.88401,0.14653,0.16464,0.86192,0.99829,1,0.995,0.98484,0.99829,1,0.995,0.80613,0.26953,0.9578,0.13574,0.25218,0.56324,0.00073676,0.00073676,0.00073676
321,6168.31,0.1649,0.8545,0.14562,0.16422,0.86801,0.99827,1,0.995,0.98742,0.99827,1,0.995,0.78483,0.25447,0.96939,0.1351,0.24333,0.54956,0.0007328,0.0007328,0.0007328
322,6187.2,0.16358,0.8502,0.13628,0.16534,0.87088,0.99828,1,0.995,0.98312,0.99828,1,0.995,0.82474,0.2685,0.86452,0.13264,0.23913,0.56708,0.00072884,0.00072884,0.00072884
323,6206.77,0.1579,0.85142,0.13093,0.16743,0.87016,0.99828,1,0.995,0.97874,0.99828,1,0.995,0.81499,0.26487,0.948,0.13357,0.23664,0.56753,0.00072488,0.00072488,0.00072488
324,6226.1,0.16718,0.95312,0.14218,0.17006,0.87483,0.99825,1,0.995,0.97524,0.99825,1,0.995,0.80177,0.25605,0.95355,0.13683,0.26519,0.5618,0.00072092,0.00072092,0.00072092
325,6245.67,0.16745,0.8509,0.12594,0.16667,0.86848,0.99823,1,0.995,0.9843,0.99823,1,0.995,0.79569,0.25047,0.96864,0.13385,0.26393,0.5526,0.00071696,0.00071696,0.00071696
326,6264.68,0.16593,0.88018,0.13381,0.16944,0.86936,1,1,0.995,0.98654,1,1,0.995,0.82838,0.25038,0.85567,0.1313,0.23968,0.54802,0.000713,0.000713,0.000713
327,6284.35,0.16711,0.88506,0.13932,0.16888,0.86076,1,1,0.995,0.98354,1,1,0.995,0.82426,0.25379,0.89168,0.12806,0.22059,0.54132,0.00070904,0.00070904,0.00070904
328,6303.58,0.1842,0.887,0.15375,0.17605,0.84974,0.99824,1,0.995,0.98242,0.99824,1,0.995,0.79064,0.24979,0.93472,0.13118,0.20632,0.53869,0.00070508,0.00070508,0.00070508
329,6322.58,0.16654,0.9306,0.14833,0.1715,0.84972,0.99825,1,0.995,0.98773,0.99825,1,0.995,0.7607,0.23183,0.98802,0.12716,0.19653,0.53272,0.00070112,0.00070112,0.00070112
330,6341.25,0.16208,0.88333,0.14918,0.16203,0.84501,1,1,0.995,0.98956,1,1,0.995,0.81607,0.24191,0.89338,0.12733,0.21248,0.53553,0.00069716,0.00069716,0.00069716
331,6360.4,0.17983,0.88112,0.15108,0.17052,0.87211,1,1,0.995,0.99264,1,1,0.995,0.83296,0.21951,0.87329,0.12685,0.22161,0.5244,0.0006932,0.0006932,0.0006932
332,6379.88,0.17202,0.89611,0.13847,0.16629,0.86079,0.99824,1,0.995,0.99033,0.99824,1,0.995,0.8113,0.23639,0.8911,0.13256,0.24195,0.5346,0.00068924,0.00068924,0.00068924
333,6399.09,0.17224,0.86865,0.14245,0.16902,0.85763,0.99824,1,0.995,0.98797,0.99824,1,0.995,0.82325,0.23702,0.87233,0.13168,0.23807,0.53182,0.00068528,0.00068528,0.00068528
334,6418.02,0.16043,0.88182,0.13475,0.16845,0.87176,0.99829,1,0.995,0.98922,0.99829,1,0.995,0.83022,0.24744,0.83329,0.13294,0.23331,0.5408,0.00068132,0.00068132,0.00068132
335,6437.16,0.15751,0.8993,0.13898,0.16291,0.87123,1,1,0.995,0.98894,1,1,0.995,0.79978,0.25211,0.87388,0.12759,0.22947,0.54199,0.00067736,0.00067736,0.00067736
336,6455.92,0.15764,0.86202,0.15027,0.1613,0.85154,1,1,0.995,0.99074,1,1,0.995,0.80064,0.24201,0.90029,0.12616,0.22738,0.53664,0.0006734,0.0006734,0.0006734
337,6474.95,0.15484,0.87827,0.13215,0.16255,0.86472,1,1,0.995,0.9831,1,1,0.995,0.80013,0.23394,0.97062,0.12777,0.22013,0.53397,0.00066944,0.00066944,0.00066944
338,6494.03,0.15983,0.81962,0.14727,0.1577,0.85958,1,1,0.995,0.98594,1,1,0.995,0.79393,0.2315,0.89517,0.12725,0.22198,0.53434,0.00066548,0.00066548,0.00066548
339,6513.42,0.16592,0.82901,0.14218,0.15912,0.86641,0.99827,1,0.995,0.98691,0.99827,1,0.995,0.82985,0.22961,0.84587,0.12692,0.22285,0.53552,0.00066152,0.00066152,0.00066152
340,6533.31,0.15848,0.78485,0.1493,0.16552,0.86113,1,1,0.995,0.9879,1,1,0.995,0.84986,0.24361,0.77293,0.13712,0.23801,0.54134,0.00065756,0.00065756,0.00065756
341,6552.98,0.16447,0.84726,0.14434,0.16618,0.853,1,1,0.995,0.99151,1,1,0.995,0.81964,0.24003,0.87295,0.13858,0.2417,0.53512,0.0006536,0.0006536,0.0006536
342,6572.4,0.1707,0.88079,0.13837,0.1661,0.86093,1,1,0.995,0.98291,1,1,0.995,0.79571,0.24325,0.94796,0.13043,0.21292,0.53376,0.00064964,0.00064964,0.00064964
343,6591.86,0.1595,0.80698,0.14012,0.16001,0.86028,0.99825,1,0.995,0.99065,0.99825,1,0.995,0.81274,0.22817,0.87502,0.1268,0.1993,0.52479,0.00064568,0.00064568,0.00064568
344,6611.15,0.16804,0.84105,0.14053,0.16766,0.86502,1,1,0.995,0.98435,1,1,0.995,0.81441,0.24352,0.88581,0.12612,0.23188,0.54073,0.00064172,0.00064172,0.00064172
345,6630.08,0.16557,0.80131,0.13104,0.16383,0.86659,1,1,0.995,0.98745,1,1,0.995,0.79892,0.2221,0.88923,0.12698,0.22127,0.52102,0.00063776,0.00063776,0.00063776
346,6649.38,0.16139,0.82074,0.14005,0.16883,0.85696,0.99825,1,0.995,0.98662,0.99825,1,0.995,0.81974,0.2284,0.80306,0.12793,0.21349,0.52563,0.0006338,0.0006338,0.0006338
347,6668.75,0.15716,0.79418,0.13884,0.16229,0.86331,0.99827,1,0.995,0.98243,0.99827,1,0.995,0.84436,0.23559,0.80221,0.12527,0.20643,0.52103,0.00062984,0.00062984,0.00062984
348,6687.48,0.16235,0.80907,0.13708,0.16234,0.86916,1,1,0.995,0.98155,1,1,0.995,0.81003,0.24699,0.88918,0.13484,0.21698,0.54764,0.00062588,0.00062588,0.00062588
349,6706.56,0.15744,0.82755,0.14098,0.1592,0.86099,0.99825,1,0.995,0.98592,0.99825,1,0.995,0.80763,0.24116,0.93481,0.13568,0.22546,0.54144,0.00062192,0.00062192,0.00062192
350,6725.94,0.15777,0.80945,0.13668,0.16271,0.85432,1,1,0.995,0.98613,1,1,0.995,0.79964,0.22838,0.8773,0.1333,0.22502,0.53585,0.00061796,0.00061796,0.00061796
351,6745.28,0.15308,0.81264,0.13647,0.15595,0.86026,1,1,0.995,0.99064,1,1,0.995,0.78506,0.23753,0.96736,0.13695,0.23043,0.55059,0.000614,0.000614,0.000614
352,6764.19,0.14901,0.83576,0.13221,0.15459,0.86129,1,1,0.995,0.96928,1,1,0.995,0.81696,0.24727,0.86205,0.13772,0.21659,0.56177,0.00061004,0.00061004,0.00061004
353,6783.35,0.15087,0.79448,0.13542,0.16077,0.84979,1,1,0.995,0.97181,1,1,0.995,0.77945,0.25926,0.9732,0.14311,0.21495,0.57677,0.00060608,0.00060608,0.00060608
354,6802.39,0.1482,0.83036,0.13984,0.16002,0.85536,0.99828,1,0.995,0.98853,0.99828,1,0.995,0.7988,0.23645,0.87709,0.13092,0.24499,0.5406,0.00060212,0.00060212,0.00060212
355,6821.26,0.15995,0.77636,0.13332,0.15778,0.86133,0.99829,1,0.995,0.98069,0.99829,1,0.995,0.79828,0.24927,0.87298,0.13146,0.23771,0.54367,0.00059816,0.00059816,0.00059816
356,6840.41,0.16751,0.85154,0.13331,0.16553,0.85927,0.99829,1,0.995,0.98397,0.99829,1,0.995,0.84539,0.24302,0.8091,0.12973,0.22021,0.53508,0.0005942,0.0005942,0.0005942
357,6860.01,0.15303,0.78158,0.13895,0.15869,0.86059,1,1,0.995,0.98767,1,1,0.995,0.85428,0.22744,0.8002,0.12938,0.21106,0.52722,0.00059024,0.00059024,0.00059024
358,6879.5,0.14805,0.85267,0.14696,0.15562,0.85697,1,1,0.995,0.98326,1,1,0.995,0.81207,0.22957,0.83433,0.12744,0.20927,0.5333,0.00058628,0.00058628,0.00058628
359,6898.59,0.14926,0.80856,0.1333,0.15349,0.86131,1,1,0.995,0.97958,1,1,0.995,0.82018,0.23183,0.77887,0.12413,0.21009,0.53723,0.00058232,0.00058232,0.00058232
360,6917.41,0.15142,0.7567,0.13783,0.15591,0.85951,1,1,0.995,0.98277,1,1,0.995,0.8382,0.23629,0.76766,0.12365,0.21512,0.5342,0.00057836,0.00057836,0.00057836
361,6936.24,0.14135,0.81616,0.13182,0.14866,0.863,1,1,0.995,0.98741,1,1,0.995,0.82452,0.23038,0.77582,0.12487,0.20421,0.52897,0.0005744,0.0005744,0.0005744
362,6955.23,0.14735,0.85623,0.14471,0.15367,0.85546,1,1,0.995,0.9789,1,1,0.995,0.80308,0.23192,0.84425,0.12325,0.19963,0.53101,0.00057044,0.00057044,0.00057044
363,6974.16,0.14388,0.84105,0.13746,0.14923,0.86092,1,1,0.995,0.97751,1,1,0.995,0.80042,0.23631,0.85697,0.12669,0.20406,0.53761,0.00056648,0.00056648,0.00056648
364,6992.95,0.13945,0.83604,0.1319,0.146,0.85727,1,1,0.995,0.99101,1,1,0.995,0.81945,0.23359,0.81798,0.12383,0.21774,0.53806,0.00056252,0.00056252,0.00056252
365,7011.86,0.13887,0.77997,0.13996,0.14941,0.86127,1,1,0.995,0.99341,1,1,0.995,0.83659,0.2378,0.75822,0.12607,0.21492,0.53744,0.00055856,0.00055856,0.00055856
366,7030.92,0.14494,0.75356,0.13553,0.14672,0.86075,1,1,0.995,0.99036,1,1,0.995,0.84948,0.22575,0.76327,0.12509,0.21518,0.52666,0.0005546,0.0005546,0.0005546
367,7050.08,0.14133,0.7241,0.12917,0.14282,0.86221,1,1,0.995,0.99331,1,1,0.995,0.85055,0.22156,0.71626,0.12469,0.18915,0.52022,0.00055064,0.00055064,0.00055064
368,7069.27,0.141,0.78645,0.1384,0.14743,0.85839,1,1,0.995,0.98944,1,1,0.995,0.81657,0.22942,0.77445,0.12968,0.19911,0.52175,0.00054668,0.00054668,0.00054668
369,7088.59,0.1496,0.77983,0.14797,0.15015,0.85848,1,1,0.995,0.98797,1,1,0.995,0.82043,0.23613,0.79779,0.13308,0.21605,0.53396,0.00054272,0.00054272,0.00054272
370,7107.65,0.14364,0.74104,0.14355,0.14767,0.84175,1,1,0.995,0.98591,1,1,0.995,0.81386,0.23055,0.81374,0.12704,0.2133,0.52976,0.00053876,0.00053876,0.00053876
371,7126.82,0.14469,0.79084,0.1348,0.15225,0.84744,1,1,0.995,0.98591,1,1,0.995,0.82696,0.22979,0.7894,0.1269,0.21095,0.53137,0.0005348,0.0005348,0.0005348
372,7145.83,0.1475,0.75533,0.13084,0.14696,0.85047,1,1,0.995,0.98135,1,1,0.995,0.82643,0.21813,0.80911,0.1275,0.20162,0.53147,0.00053084,0.00053084,0.00053084
373,7164.73,0.14843,0.77047,0.14489,0.14938,0.85135,1,1,0.995,0.981,1,1,0.995,0.82123,0.22155,0.80443,0.1352,0.21594,0.53185,0.00052688,0.00052688,0.00052688
374,7183.48,0.14474,0.81535,0.13067,0.14956,0.86299,1,1,0.995,0.98394,1,1,0.995,0.83847,0.23141,0.74504,0.13786,0.22151,0.54115,0.00052292,0.00052292,0.00052292
375,7202.75,0.15329,0.83382,0.13413,0.15242,0.85768,1,1,0.995,0.98777,1,1,0.995,0.82526,0.22432,0.79581,0.12749,0.23019,0.5217,0.00051896,0.00051896,0.00051896
376,7222.05,0.14482,0.75184,0.13483,0.15233,0.85908,1,1,0.995,0.99284,1,1,0.995,0.79864,0.22661,0.86082,0.13021,0.21994,0.52703,0.000515,0.000515,0.000515
377,7241.74,0.14444,0.71742,0.13198,0.15099,0.85374,0.99829,1,0.995,0.98355,0.99829,1,0.995,0.78001,0.23386,0.92774,0.12844,0.21204,0.52949,0.00051104,0.00051104,0.00051104
378,7261.75,0.14634,0.767,0.14342,0.14856,0.84211,1,1,0.995,0.98583,1,1,0.995,0.79453,0.21458,0.85938,0.1239,0.20563,0.51263,0.00050708,0.00050708,0.00050708
379,7281.62,0.15164,0.74501,0.13338,0.14997,0.84853,1,1,0.995,0.98872,1,1,0.995,0.80447,0.2138,0.84489,0.12334,0.20451,0.51229,0.00050312,0.00050312,0.00050312
380,7301.5,0.14022,0.7743,0.13972,0.14736,0.84568,1,1,0.995,0.98969,1,1,0.995,0.79939,0.22246,0.8702,0.11935,0.20729,0.5192,0.00049916,0.00049916,0.00049916
381,7321.42,0.14209,0.7788,0.13734,0.14612,0.85136,1,1,0.995,0.98931,1,1,0.995,0.80209,0.22421,0.85522,0.12864,0.21333,0.52384,0.0004952,0.0004952,0.0004952
382,7340.73,0.14137,0.71121,0.13683,0.14199,0.85176,1,1,0.995,0.98774,1,1,0.995,0.8297,0.23855,0.81333,0.1284,0.2239,0.5318,0.00049124,0.00049124,0.00049124
383,7359.96,0.13532,0.6883,0.1342,0.14536,0.83707,1,1,0.995,0.98248,1,1,0.995,0.86463,0.23498,0.79476,0.12965,0.23022,0.52479,0.00048728,0.00048728,0.00048728
384,7379.44,0.14368,0.73422,0.12925,0.14767,0.86982,0.99828,1,0.995,0.99158,0.99828,1,0.995,0.82868,0.23415,0.79578,0.13271,0.24258,0.52503,0.00048332,0.00048332,0.00048332
385,7398.54,0.13768,0.68606,0.13242,0.14276,0.85357,0.9983,1,0.995,0.9915,0.9983,1,0.995,0.82395,0.23855,0.83484,0.13528,0.23111,0.53653,0.00047936,0.00047936,0.00047936
386,7418,0.14926,0.67267,0.14034,0.14735,0.84979,1,1,0.995,0.995,1,1,0.995,0.83532,0.23265,0.81898,0.13916,0.22293,0.54259,0.0004754,0.0004754,0.0004754
387,7437,0.14447,0.72759,0.13709,0.14489,0.85238,1,1,0.995,0.995,1,1,0.995,0.84659,0.24822,0.812,0.13636,0.23586,0.54419,0.00047144,0.00047144,0.00047144
388,7456.1,0.14563,0.70972,0.13599,0.1488,0.85831,1,1,0.995,0.98681,1,1,0.995,0.82453,0.23863,0.84002,0.13282,0.2339,0.5424,0.00046748,0.00046748,0.00046748
389,7475.49,0.14108,0.70009,0.13203,0.14239,0.85459,0.99826,1,0.995,0.98691,0.99826,1,0.995,0.81882,0.23938,0.80465,0.133,0.23516,0.54502,0.00046352,0.00046352,0.00046352
390,7494.76,0.13265,0.71732,0.12695,0.14399,0.84888,1,1,0.995,0.98757,1,1,0.995,0.83026,0.22907,0.78834,0.13114,0.24966,0.53313,0.00045956,0.00045956,0.00045956
391,7513.73,0.14323,0.68513,0.13388,0.14297,0.84481,1,1,0.995,0.98727,1,1,0.995,0.82014,0.24518,0.8158,0.13262,0.24709,0.54172,0.0004556,0.0004556,0.0004556
392,7532.85,0.13557,0.71029,0.13286,0.1453,0.85396,1,1,0.995,0.98571,1,1,0.995,0.80364,0.23979,0.88372,0.13011,0.23111,0.55014,0.00045164,0.00045164,0.00045164
393,7551.78,0.14712,0.71114,0.13957,0.14802,0.85684,1,1,0.995,0.97657,1,1,0.995,0.83207,0.2389,0.84116,0.13023,0.22177,0.54507,0.00044768,0.00044768,0.00044768
394,7570.8,0.14208,0.73745,0.13178,0.14153,0.84494,1,1,0.995,0.99052,1,1,0.995,0.80664,0.2141,0.78883,0.12945,0.22763,0.51772,0.00044372,0.00044372,0.00044372
395,7589.97,0.13598,0.68869,0.13582,0.13713,0.85667,0.99826,1,0.995,0.98561,0.99826,1,0.995,0.81927,0.23139,0.79781,0.12617,0.22974,0.52978,0.00043976,0.00043976,0.00043976
396,7609.3,0.13787,0.69844,0.1366,0.1394,0.8549,0.99829,1,0.995,0.98434,0.99829,1,0.995,0.81227,0.22163,0.77073,0.1202,0.21645,0.5148,0.0004358,0.0004358,0.0004358
397,7628.63,0.14736,0.75662,0.13051,0.14244,0.85377,0.99828,1,0.995,0.98964,0.99828,1,0.995,0.82529,0.21337,0.77101,0.11869,0.20786,0.50886,0.00043184,0.00043184,0.00043184
398,7647.66,0.14788,0.74926,0.12847,0.14042,0.86906,1,1,0.995,0.99184,1,1,0.995,0.81484,0.21477,0.84145,0.11807,0.21774,0.50257,0.00042788,0.00042788,0.00042788
399,7667.48,0.14231,0.72139,0.13827,0.14329,0.86788,1,1,0.995,0.98981,1,1,0.995,0.82028,0.21478,0.84467,0.12338,0.21627,0.51182,0.00042392,0.00042392,0.00042392
400,7686.78,0.14098,0.71962,0.1336,0.14502,0.85082,1,1,0.995,0.99351,1,1,0.995,0.81992,0.21501,0.83299,0.12342,0.22173,0.50553,0.00041996,0.00041996,0.00041996
401,7706.25,0.13573,0.68102,0.12941,0.13869,0.85324,1,1,0.995,0.98613,1,1,0.995,0.80605,0.2132,0.78988,0.12596,0.22351,0.50635,0.000416,0.000416,0.000416
402,7726.7,0.13755,0.64893,0.13159,0.13983,0.85256,1,1,0.995,0.98634,1,1,0.995,0.83462,0.21569,0.74772,0.12711,0.22659,0.5112,0.00041204,0.00041204,0.00041204
403,7746.9,0.14231,0.68854,0.13707,0.14779,0.8477,1,1,0.995,0.98661,1,1,0.995,0.82814,0.2148,0.77045,0.12693,0.23026,0.51816,0.00040808,0.00040808,0.00040808
404,7766.93,0.13395,0.69765,0.13067,0.14332,0.84971,1,1,0.995,0.99131,1,1,0.995,0.86416,0.22412,0.73307,0.13244,0.22382,0.5257,0.00040412,0.00040412,0.00040412
405,7786.66,0.13753,0.64069,0.1347,0.14044,0.85127,1,1,0.995,0.98135,1,1,0.995,0.8274,0.22818,0.785,0.13225,0.21592,0.52796,0.00040016,0.00040016,0.00040016
406,7805.56,0.14038,0.65579,0.13746,0.14869,0.85563,1,1,0.995,0.98165,1,1,0.995,0.8331,0.24,0.79634,0.1336,0.21154,0.53206,0.0003962,0.0003962,0.0003962
407,7824.7,0.13741,0.67436,0.14117,0.14271,0.85171,1,1,0.995,0.99117,1,1,0.995,0.86139,0.24784,0.748,0.13,0.21775,0.5335,0.00039224,0.00039224,0.00039224
408,7843.98,0.14269,0.68793,0.14314,0.1485,0.86935,1,1,0.995,0.99217,1,1,0.995,0.84488,0.23493,0.78365,0.13189,0.21053,0.53388,0.00038828,0.00038828,0.00038828
409,7863.33,0.15014,0.71125,0.13035,0.15293,0.86474,1,1,0.995,0.99217,1,1,0.995,0.85114,0.24,0.78119,0.13152,0.21008,0.54268,0.00038432,0.00038432,0.00038432
410,7882.75,0.1372,0.72393,0.13849,0.1446,0.84959,1,1,0.995,0.99197,1,1,0.995,0.82281,0.21647,0.79228,0.12592,0.24348,0.51673,0.00038036,0.00038036,0.00038036
411,7901.73,0.14099,0.63793,0.13523,0.14431,0.83783,1,1,0.995,0.98819,1,1,0.995,0.83271,0.22037,0.75416,0.12728,0.23906,0.52202,0.0003764,0.0003764,0.0003764
412,7920.97,0.14126,0.6427,0.13995,0.14433,0.8423,1,1,0.995,0.98594,1,1,0.995,0.83123,0.2203,0.776,0.12547,0.23184,0.51899,0.00037244,0.00037244,0.00037244
413,7940.34,0.13824,0.62488,0.13366,0.14087,0.85303,0.99826,1,0.995,0.98561,0.99826,1,0.995,0.82208,0.21611,0.82371,0.1272,0.22382,0.52497,0.00036848,0.00036848,0.00036848
414,7959.82,0.14533,0.66687,0.13355,0.13965,0.87301,0.99827,1,0.995,0.98874,0.99827,1,0.995,0.82215,0.21588,0.80468,0.12593,0.23653,0.52332,0.00036452,0.00036452,0.00036452
415,7979.13,0.13574,0.66192,0.13422,0.14195,0.856,0.99827,1,0.995,0.98585,0.99827,1,0.995,0.822,0.20683,0.77511,0.12707,0.22475,0.51669,0.00036056,0.00036056,0.00036056
416,7998.41,0.13407,0.66939,0.12847,0.13975,0.86271,1,1,0.995,0.99107,1,1,0.995,0.84152,0.2168,0.7306,0.12341,0.22495,0.51803,0.0003566,0.0003566,0.0003566
417,8018.17,0.13532,0.6252,0.13565,0.14288,0.85738,1,1,0.995,0.99084,1,1,0.995,0.83534,0.2175,0.76227,0.12482,0.22591,0.52143,0.00035264,0.00035264,0.00035264
418,8037.48,0.13092,0.66288,0.13155,0.13886,0.8563,1,1,0.995,0.98715,1,1,0.995,0.82973,0.25859,0.82332,0.13095,0.21613,0.55369,0.00034868,0.00034868,0.00034868
419,8056.88,0.15116,0.66336,0.12603,0.15147,0.85383,1,1,0.995,0.97332,1,1,0.995,0.81112,0.26252,0.86268,0.13421,0.20939,0.5646,0.00034472,0.00034472,0.00034472
420,8076.15,0.12882,0.63241,0.12524,0.14162,0.84446,1,1,0.995,0.96572,1,1,0.995,0.82733,0.25925,0.81207,0.1293,0.21016,0.55712,0.00034076,0.00034076,0.00034076
421,8095.81,0.1431,0.66028,0.13776,0.1497,0.84441,1,1,0.995,0.98162,1,1,0.995,0.82427,0.24608,0.82301,0.13248,0.20896,0.55183,0.0003368,0.0003368,0.0003368
422,8115.42,0.13584,0.64836,0.14308,0.14547,0.84687,1,1,0.995,0.98237,1,1,0.995,0.84108,0.22561,0.73373,0.13154,0.20006,0.53563,0.00033284,0.00033284,0.00033284
423,8134.76,0.12718,0.61321,0.1341,0.13697,0.85544,1,1,0.995,0.98009,1,1,0.995,0.82997,0.22167,0.75797,0.13546,0.21807,0.53039,0.00032888,0.00032888,0.00032888
424,8153.91,0.13325,0.62175,0.13738,0.14093,0.85231,1,1,0.995,0.99317,1,1,0.995,0.86009,0.22345,0.71466,0.12963,0.24788,0.52624,0.00032492,0.00032492,0.00032492
425,8172.95,0.13137,0.62701,0.14278,0.14256,0.84562,1,1,0.995,0.99036,1,1,0.995,0.84141,0.23044,0.74284,0.1276,0.24304,0.52794,0.00032096,0.00032096,0.00032096
426,8191.74,0.1289,0.60957,0.13515,0.14122,0.84453,1,1,0.995,0.97885,1,1,0.995,0.82795,0.2354,0.7532,0.12577,0.24285,0.53097,0.000317,0.000317,0.000317
427,8210.95,0.13075,0.62172,0.13988,0.14102,0.84771,1,1,0.995,0.98583,1,1,0.995,0.81191,0.22648,0.78449,0.12853,0.22869,0.52804,0.00031304,0.00031304,0.00031304
428,8230.19,0.12407,0.60026,0.1376,0.14084,0.84677,1,1,0.995,0.98341,1,1,0.995,0.84295,0.2275,0.74764,0.13193,0.20521,0.53428,0.00030908,0.00030908,0.00030908
429,8249.32,0.12723,0.58777,0.13016,0.13655,0.85839,1,1,0.995,0.98694,1,1,0.995,0.87569,0.2229,0.69641,0.1294,0.2131,0.52615,0.00030512,0.00030512,0.00030512
430,8268.84,0.12573,0.60184,0.12357,0.13655,0.8673,1,1,0.995,0.98457,1,1,0.995,0.85848,0.21214,0.68485,0.12719,0.21808,0.52485,0.00030116,0.00030116,0.00030116
431,8288.11,0.1225,0.61829,0.13876,0.13506,0.8339,0.99829,1,0.995,0.98595,0.99829,1,0.995,0.84221,0.21125,0.72206,0.12407,0.23088,0.51825,0.0002972,0.0002972,0.0002972
432,8307.28,0.13383,0.66116,0.14609,0.14034,0.85803,0.99827,1,0.995,0.98968,0.99827,1,0.995,0.85211,0.21163,0.7158,0.12046,0.23259,0.51485,0.00029324,0.00029324,0.00029324
433,8326.76,0.11946,0.62829,0.12639,0.13286,0.86838,0.99825,1,0.995,0.98772,0.99825,1,0.995,0.84049,0.215,0.76906,0.1211,0.23354,0.51692,0.00028928,0.00028928,0.00028928
434,8345.63,0.12905,0.61822,0.13977,0.13816,0.85867,1,1,0.995,0.98241,1,1,0.995,0.83418,0.21818,0.75173,0.12222,0.25659,0.52314,0.00028532,0.00028532,0.00028532
435,8364.86,0.1204,0.57858,0.14425,0.13207,0.83352,1,1,0.995,0.98661,1,1,0.995,0.83421,0.21649,0.76901,0.12249,0.23773,0.5215,0.00028136,0.00028136,0.00028136
436,8384.16,0.1231,0.59239,0.13378,0.13013,0.85256,1,1,0.995,0.98638,1,1,0.995,0.84677,0.22731,0.76592,0.12877,0.21199,0.5344,0.0002774,0.0002774,0.0002774
437,8403.62,0.12031,0.59573,0.13361,0.13009,0.84849,1,1,0.995,0.98561,1,1,0.995,0.86737,0.22998,0.71267,0.12697,0.22285,0.53029,0.00027344,0.00027344,0.00027344
438,8422.62,0.1236,0.57317,0.13363,0.13584,0.8547,1,1,0.995,0.99066,1,1,0.995,0.85935,0.21616,0.70827,0.12878,0.21763,0.52006,0.00026948,0.00026948,0.00026948
439,8441.35,0.12817,0.59438,0.13819,0.13974,0.85587,1,1,0.995,0.98888,1,1,0.995,0.86192,0.22405,0.7499,0.13357,0.19966,0.53913,0.00026552,0.00026552,0.00026552
440,8460.16,0.1275,0.61464,0.13249,0.13564,0.85792,1,1,0.995,0.98896,1,1,0.995,0.84036,0.22887,0.81123,0.13404,0.19257,0.54589,0.00026156,0.00026156,0.00026156
441,8479.1,0.12608,0.6008,0.12338,0.13432,0.85823,1,1,0.995,0.98552,1,1,0.995,0.83936,0.21978,0.77596,0.13309,0.19992,0.53599,0.0002576,0.0002576,0.0002576
442,8498.16,0.12309,0.59885,0.13484,0.13461,0.83624,1,1,0.995,0.98695,1,1,0.995,0.84976,0.22523,0.74227,0.13081,0.21502,0.53923,0.00025364,0.00025364,0.00025364
443,8517.18,0.12718,0.57316,0.12304,0.12949,0.86472,1,1,0.995,0.99073,1,1,0.995,0.85455,0.2188,0.71207,0.12578,0.24842,0.53163,0.00024968,0.00024968,0.00024968
444,8536.59,0.12223,0.56364,0.12862,0.13135,0.8486,1,1,0.995,0.99084,1,1,0.995,0.88154,0.22322,0.68844,0.12445,0.25255,0.53548,0.00024572,0.00024572,0.00024572
445,8556.43,0.12545,0.58748,0.1311,0.13304,0.84683,1,1,0.995,0.98954,1,1,0.995,0.85895,0.225,0.71019,0.12571,0.23986,0.53413,0.00024176,0.00024176,0.00024176
446,8575.16,0.11862,0.56844,0.12729,0.13114,0.8525,1,1,0.995,0.99101,1,1,0.995,0.84534,0.22071,0.71694,0.12458,0.22747,0.53454,0.0002378,0.0002378,0.0002378
447,8594.06,0.12456,0.54559,0.13647,0.13409,0.85239,1,1,0.995,0.98908,1,1,0.995,0.8466,0.2236,0.70728,0.12596,0.2235,0.53851,0.00023384,0.00023384,0.00023384
448,8613.12,0.12616,0.56877,0.13506,0.13134,0.85856,1,1,0.995,0.98529,1,1,0.995,0.84546,0.21021,0.77422,0.13037,0.22394,0.5283,0.00022988,0.00022988,0.00022988
449,8632.26,0.12283,0.5693,0.12405,0.12698,0.84179,1,1,0.995,0.98432,1,1,0.995,0.84463,0.21241,0.75439,0.12644,0.21958,0.53117,0.00022592,0.00022592,0.00022592
450,8651.57,0.12009,0.57078,0.12728,0.1288,0.85317,1,1,0.995,0.98673,1,1,0.995,0.86416,0.23335,0.71068,0.12573,0.21479,0.54395,0.00022196,0.00022196,0.00022196
451,8670.83,0.12318,0.58172,0.12608,0.13303,0.84898,1,1,0.995,0.98584,1,1,0.995,0.8587,0.23833,0.67323,0.1268,0.20869,0.54947,0.000218,0.000218,0.000218
452,8690.08,0.12521,0.58013,0.13556,0.13635,0.84473,1,1,0.995,0.99374,1,1,0.995,0.86649,0.22727,0.68052,0.12994,0.20607,0.54703,0.00021404,0.00021404,0.00021404
453,8708.89,0.12138,0.54421,0.13719,0.13557,0.8334,1,1,0.995,0.99207,1,1,0.995,0.85704,0.22923,0.72604,0.13293,0.20932,0.55043,0.00021008,0.00021008,0.00021008
454,8728.25,0.12395,0.54336,0.13785,0.13776,0.84668,1,1,0.995,0.99052,1,1,0.995,0.8461,0.22332,0.71766,0.13052,0.2052,0.54115,0.00020612,0.00020612,0.00020612
455,8747.66,0.12371,0.54757,0.12869,0.13069,0.85825,1,1,0.995,0.995,1,1,0.995,0.87709,0.21734,0.67896,0.12806,0.20307,0.53598,0.00020216,0.00020216,0.00020216
456,8767,0.12292,0.57035,0.12019,0.1296,0.85443,1,1,0.995,0.995,1,1,0.995,0.86819,0.2283,0.69045,0.12736,0.20599,0.54844,0.0001982,0.0001982,0.0001982
457,8786.41,0.12234,0.53182,0.12876,0.13556,0.83941,1,1,0.995,0.98633,1,1,0.995,0.85956,0.23979,0.69107,0.12733,0.21558,0.55551,0.00019424,0.00019424,0.00019424
458,8805.53,0.12234,0.54993,0.13508,0.13164,0.85069,1,1,0.995,0.98608,1,1,0.995,0.85374,0.24156,0.67648,0.129,0.20782,0.55654,0.00019028,0.00019028,0.00019028
459,8824.72,0.11598,0.54382,0.13018,0.12976,0.85213,1,1,0.995,0.98684,1,1,0.995,0.85295,0.22848,0.6764,0.13167,0.19755,0.54757,0.00018632,0.00018632,0.00018632
460,8843.58,0.12102,0.56581,0.13294,0.1323,0.8502,1,1,0.995,0.99264,1,1,0.995,0.86884,0.22516,0.6699,0.13051,0.20592,0.53606,0.00018236,0.00018236,0.00018236
461,8862.48,0.11824,0.55162,0.13812,0.1322,0.85689,1,1,0.995,0.99374,1,1,0.995,0.86267,0.22186,0.68667,0.12891,0.21535,0.5319,0.0001784,0.0001784,0.0001784
462,8881.72,0.11282,0.54538,0.13269,0.12613,0.84574,1,1,0.995,0.99101,1,1,0.995,0.86107,0.21779,0.68696,0.12794,0.22226,0.53243,0.00017444,0.00017444,0.00017444
463,8900.85,0.11488,0.49286,0.13412,0.13255,0.85401,1,1,0.995,0.99374,1,1,0.995,0.86315,0.2197,0.6757,0.12735,0.20731,0.54045,0.00017048,0.00017048,0.00017048
464,8919.85,0.11773,0.51336,0.13038,0.12573,0.84363,1,1,0.995,0.99374,1,1,0.995,0.86506,0.21965,0.66263,0.12779,0.20191,0.54261,0.00016652,0.00016652,0.00016652
465,8939.16,0.11566,0.51077,0.13946,0.1284,0.85138,1,1,0.995,0.98872,1,1,0.995,0.85323,0.23159,0.68037,0.12694,0.20616,0.54104,0.00016256,0.00016256,0.00016256
466,8958.4,0.11709,0.53933,0.13485,0.12684,0.84912,1,1,0.995,0.98418,1,1,0.995,0.84255,0.22443,0.68796,0.12861,0.21044,0.54012,0.0001586,0.0001586,0.0001586
467,8977.83,0.11649,0.51897,0.13554,0.128,0.84464,1,1,0.995,0.98987,1,1,0.995,0.85329,0.22334,0.68203,0.12773,0.20329,0.53842,0.00015464,0.00015464,0.00015464
468,8997.08,0.11316,0.51355,0.13515,0.1263,0.8485,1,1,0.995,0.98987,1,1,0.995,0.85354,0.22599,0.68503,0.12716,0.20047,0.54163,0.00015068,0.00015068,0.00015068
469,9016.31,0.11571,0.50285,0.13208,0.12454,0.84723,1,1,0.995,0.99008,1,1,0.995,0.85558,0.22533,0.69075,0.12675,0.20768,0.54117,0.00014672,0.00014672,0.00014672
470,9035.4,0.11438,0.52631,0.13641,0.12155,0.85721,1,1,0.995,0.995,1,1,0.995,0.86671,0.20548,0.66933,0.12446,0.21852,0.51826,0.00014276,0.00014276,0.00014276
471,9054.46,0.10978,0.51557,0.13707,0.12498,0.84051,1,1,0.995,0.995,1,1,0.995,0.86425,0.20622,0.68338,0.12662,0.20795,0.52396,0.0001388,0.0001388,0.0001388
472,9073.54,0.11185,0.48891,0.12648,0.11595,0.8601,1,1,0.995,0.98967,1,1,0.995,0.84137,0.21339,0.70335,0.12655,0.20892,0.5297,0.00013484,0.00013484,0.00013484
473,9092.56,0.11958,0.50627,0.13232,0.1226,0.83319,1,1,0.995,0.98558,1,1,0.995,0.83662,0.21861,0.69468,0.12421,0.21237,0.52834,0.00013088,0.00013088,0.00013088
474,9111.77,0.11223,0.50463,0.12805,0.12102,0.84438,1,1,0.995,0.98973,1,1,0.995,0.84995,0.2208,0.66892,0.12603,0.20505,0.53373,0.00012692,0.00012692,0.00012692
475,9130.77,0.11204,0.49321,0.14004,0.11984,0.86069,1,1,0.995,0.98754,1,1,0.995,0.85448,0.22576,0.68759,0.12786,0.19552,0.53992,0.00012296,0.00012296,0.00012296
476,9149.77,0.11623,0.50807,0.12913,0.12466,0.86292,1,1,0.995,0.98736,1,1,0.995,0.84939,0.22159,0.71067,0.12738,0.19891,0.53718,0.000119,0.000119,0.000119
477,9169.12,0.11395,0.49271,0.1347,0.1256,0.83418,1,1,0.995,0.98133,1,1,0.995,0.85305,0.21998,0.70166,0.12727,0.20302,0.53628,0.00011504,0.00011504,0.00011504
478,9188.15,0.11281,0.5399,0.11944,0.12535,0.84998,1,1,0.995,0.98677,1,1,0.995,0.85753,0.21635,0.70323,0.12385,0.21265,0.53256,0.00011108,0.00011108,0.00011108
479,9207.69,0.11198,0.5136,0.13218,0.12552,0.84835,1,1,0.995,0.98827,1,1,0.995,0.86773,0.21713,0.69324,0.12573,0.20813,0.53529,0.00010712,0.00010712,0.00010712
480,9226.5,0.10699,0.48287,0.13876,0.12108,0.8486,1,1,0.995,0.98421,1,1,0.995,0.86019,0.21775,0.65245,0.12503,0.20354,0.53493,0.00010316,0.00010316,0.00010316
481,9245.84,0.11493,0.5077,0.13391,0.12937,0.84769,1,1,0.995,0.98176,1,1,0.995,0.86475,0.22276,0.67459,0.12639,0.20852,0.53078,9.92e-05,9.92e-05,9.92e-05
482,9265.14,0.11184,0.46743,0.13381,0.12,0.84508,1,1,0.995,0.98492,1,1,0.995,0.86012,0.21165,0.69539,0.12409,0.20498,0.52283,9.524e-05,9.524e-05,9.524e-05
483,9284.22,0.11425,0.48313,0.13446,0.12152,0.84516,1,1,0.995,0.99351,1,1,0.995,0.8646,0.20991,0.69057,0.12436,0.20311,0.52225,9.128e-05,9.128e-05,9.128e-05
484,9303.12,0.10726,0.47843,0.12553,0.11903,0.85271,1,1,0.995,0.98483,1,1,0.995,0.87492,0.20744,0.66716,0.12208,0.20454,0.52032,8.732e-05,8.732e-05,8.732e-05
485,9322.25,0.10617,0.50093,0.12241,0.12086,0.83864,1,1,0.995,0.98831,1,1,0.995,0.87629,0.20712,0.67463,0.1212,0.20535,0.52048,8.336e-05,8.336e-05,8.336e-05
486,9341.53,0.11251,0.48143,0.13348,0.12053,0.83663,1,1,0.995,0.98643,1,1,0.995,0.88209,0.20684,0.6595,0.1206,0.20802,0.5222,7.94e-05,7.94e-05,7.94e-05
487,9360.87,0.11226,0.50827,0.13601,0.12404,0.84216,1,1,0.995,0.98947,1,1,0.995,0.88912,0.19703,0.6407,0.11788,0.20745,0.51205,7.544e-05,7.544e-05,7.544e-05
488,9380.87,0.10888,0.44777,0.1245,0.12148,0.85497,1,1,0.995,0.99039,1,1,0.995,0.89259,0.19392,0.62325,0.11746,0.20175,0.5053,7.148e-05,7.148e-05,7.148e-05
489,9400.67,0.10913,0.4569,0.12893,0.12151,0.83991,1,1,0.995,0.99364,1,1,0.995,0.89043,0.19471,0.63012,0.11948,0.2015,0.50711,6.752e-05,6.752e-05,6.752e-05
490,9420.27,0.10665,0.46574,0.12961,0.11953,0.86145,1,1,0.995,0.99194,1,1,0.995,0.89123,0.20248,0.63861,0.12132,0.20356,0.51846,6.356e-05,6.356e-05,6.356e-05
491,9440.53,0.11121,0.47196,0.13619,0.11707,0.85371,1,1,0.995,0.99135,1,1,0.995,0.89714,0.20949,0.64931,0.12228,0.20306,0.52336,5.96e-05,5.96e-05,5.96e-05
492,9460.33,0.11028,0.47152,0.12926,0.11823,0.84047,1,1,0.995,0.99317,1,1,0.995,0.89118,0.2116,0.6632,0.12438,0.20177,0.5258,5.564e-05,5.564e-05,5.564e-05
493,9479.51,0.10483,0.45811,0.12657,0.11606,0.85853,1,1,0.995,0.99241,1,1,0.995,0.88586,0.21168,0.66637,0.12511,0.20142,0.52682,5.168e-05,5.168e-05,5.168e-05
494,9498.38,0.11027,0.49345,0.13267,0.11736,0.84608,1,1,0.995,0.99217,1,1,0.995,0.87603,0.21016,0.65862,0.12426,0.20584,0.52256,4.772e-05,4.772e-05,4.772e-05
495,9517.28,0.10343,0.46435,0.1288,0.11864,0.83749,1,1,0.995,0.99217,1,1,0.995,0.86921,0.20814,0.65801,0.12599,0.20485,0.52115,4.376e-05,4.376e-05,4.376e-05
496,9536.17,0.10148,0.44107,0.12797,0.112,0.84626,1,1,0.995,0.99264,1,1,0.995,0.86158,0.20731,0.66875,0.12626,0.20489,0.52061,3.98e-05,3.98e-05,3.98e-05
497,9555.22,0.10492,0.46366,0.13166,0.11684,0.8363,1,1,0.995,0.99284,1,1,0.995,0.8606,0.20811,0.66935,0.12639,0.20388,0.52202,3.584e-05,3.584e-05,3.584e-05
498,9574.37,0.10721,0.47817,0.12821,0.11894,0.82661,1,1,0.995,0.99331,1,1,0.995,0.8694,0.20613,0.66745,0.12557,0.20121,0.51871,3.188e-05,3.188e-05,3.188e-05
499,9593.78,0.10613,0.48181,0.12056,0.1178,0.83849,1,1,0.995,0.99341,1,1,0.995,0.88121,0.20468,0.67112,0.12537,0.20051,0.51817,2.792e-05,2.792e-05,2.792e-05
500,9613.78,0.10227,0.46235,0.1323,0.11589,0.82886,1,1,0.995,0.99341,1,1,0.995,0.87795,0.20474,0.65401,0.12512,0.20104,0.51955,2.396e-05,2.396e-05,2.396e-05
